"LOCATION","INDICATOR","SUBJECT","MEASURE","FREQUENCY","TIME","Value","Flag Codes"
"AUS","TOUR_REC_EXP","INT_REC","USD","A","2008",31159.8,
"AUS","TOUR_REC_EXP","INT_REC","USD","A","2009",29980.7,
"AUS","TOUR_REC_EXP","INT_REC","USD","A","2010",35165.5,
"AUS","TOUR_REC_EXP","INT_REC","USD","A","2011",38710.1,
"AUS","TOUR_REC_EXP","INT_REC","USD","A","2012",38003.7,
"AUS","TOUR_REC_EXP","INT_REC","USD","A","2013",36965,
"AUS","TOUR_REC_EXP","INT_REC","USD","A","2014",38047.9,
"AUS","TOUR_REC_EXP","INT_REC","USD","A","2015",36226,
"AUS","TOUR_REC_EXP","INT_REC","USD","A","2016",39082.3,
"AUS","TOUR_REC_EXP","INT_REC","USD","A","2017",43959.1,
"AUS","TOUR_REC_EXP","INT_REC","USD","A","2018",47259.8,
"AUS","TOUR_REC_EXP","INT_REC","USD","A","2019",47930.9,
"AUS","TOUR_REC_EXP","INT-EXP","USD","A","2008",27620,
"AUS","TOUR_REC_EXP","INT-EXP","USD","A","2009",25629.6,
"AUS","TOUR_REC_EXP","INT-EXP","USD","A","2010",31916.5,
"AUS","TOUR_REC_EXP","INT-EXP","USD","A","2011",39381.5,
"AUS","TOUR_REC_EXP","INT-EXP","USD","A","2012",41632.8,
"AUS","TOUR_REC_EXP","INT-EXP","USD","A","2013",42428.3,
"AUS","TOUR_REC_EXP","INT-EXP","USD","A","2014",38774.5,
"AUS","TOUR_REC_EXP","INT-EXP","USD","A","2015",34102.9,
"AUS","TOUR_REC_EXP","INT-EXP","USD","A","2016",35674.6,
"AUS","TOUR_REC_EXP","INT-EXP","USD","A","2017",39644.9,
"AUS","TOUR_REC_EXP","INT-EXP","USD","A","2018",42478,
"AUS","TOUR_REC_EXP","INT-EXP","USD","A","2019",41452,
"AUT","TOUR_REC_EXP","INT_REC","USD","A","2008",21499.2,
"AUT","TOUR_REC_EXP","INT_REC","USD","A","2009",19302.8,
"AUT","TOUR_REC_EXP","INT_REC","USD","A","2010",18577.7,
"AUT","TOUR_REC_EXP","INT_REC","USD","A","2011",19833,
"AUT","TOUR_REC_EXP","INT_REC","USD","A","2012",21390.4,
"AUT","TOUR_REC_EXP","INT_REC","USD","A","2013",22734.9,
"AUT","TOUR_REC_EXP","INT_REC","USD","A","2014",23143.6,
"AUT","TOUR_REC_EXP","INT_REC","USD","A","2015",20352.5,
"AUT","TOUR_REC_EXP","INT_REC","USD","A","2016",20963.8,
"AUT","TOUR_REC_EXP","INT_REC","USD","A","2017",22483.8,
"AUT","TOUR_REC_EXP","INT_REC","USD","A","2018",25263.6,
"AUT","TOUR_REC_EXP","INT-EXP","USD","A","2008",11309.9,
"AUT","TOUR_REC_EXP","INT-EXP","USD","A","2009",10757.9,
"AUT","TOUR_REC_EXP","INT-EXP","USD","A","2010",10221.9,
"AUT","TOUR_REC_EXP","INT-EXP","USD","A","2011",10469.1,
"AUT","TOUR_REC_EXP","INT-EXP","USD","A","2012",12377.1,
"AUT","TOUR_REC_EXP","INT-EXP","USD","A","2013",12740.9,
"AUT","TOUR_REC_EXP","INT-EXP","USD","A","2014",13518.1,
"AUT","TOUR_REC_EXP","INT-EXP","USD","A","2015",11306.9,
"AUT","TOUR_REC_EXP","INT-EXP","USD","A","2016",11572.6,
"AUT","TOUR_REC_EXP","INT-EXP","USD","A","2017",12733.8,
"AUT","TOUR_REC_EXP","INT-EXP","USD","A","2018",14272,
"BEL","TOUR_REC_EXP","INT_REC","USD","A","2008",13117.515,
"BEL","TOUR_REC_EXP","INT_REC","USD","A","2009",13008.393,
"BEL","TOUR_REC_EXP","INT_REC","USD","A","2010",12682.7,
"BEL","TOUR_REC_EXP","INT_REC","USD","A","2011",14062.6,
"BEL","TOUR_REC_EXP","INT_REC","USD","A","2012",13723.5,
"BEL","TOUR_REC_EXP","INT_REC","USD","A","2013",14524.1,
"BEL","TOUR_REC_EXP","INT_REC","USD","A","2014",15234.9,
"BEL","TOUR_REC_EXP","INT_REC","USD","A","2015",8973.6,
"BEL","TOUR_REC_EXP","INT_REC","USD","A","2016",8779.5,
"BEL","TOUR_REC_EXP","INT_REC","USD","A","2017",9598.9,
"BEL","TOUR_REC_EXP","INT_REC","USD","A","2018",10390.8,
"BEL","TOUR_REC_EXP","INT-EXP","USD","A","2008",21525.615,
"BEL","TOUR_REC_EXP","INT-EXP","USD","A","2009",20037.703,
"BEL","TOUR_REC_EXP","INT-EXP","USD","A","2010",20920.6,
"BEL","TOUR_REC_EXP","INT-EXP","USD","A","2011",22678.6,
"BEL","TOUR_REC_EXP","INT-EXP","USD","A","2012",22450.4,
"BEL","TOUR_REC_EXP","INT-EXP","USD","A","2013",24514.1,
"BEL","TOUR_REC_EXP","INT-EXP","USD","A","2014",26411.3,
"BEL","TOUR_REC_EXP","INT-EXP","USD","A","2015",15850.8,
"BEL","TOUR_REC_EXP","INT-EXP","USD","A","2016",16492.8,
"BEL","TOUR_REC_EXP","INT-EXP","USD","A","2017",17715.9,
"BEL","TOUR_REC_EXP","INT-EXP","USD","A","2018",20860.9,
"CAN","TOUR_REC_EXP","INT_REC","USD","A","2008",19603.8,
"CAN","TOUR_REC_EXP","INT_REC","USD","A","2009",16767.8,
"CAN","TOUR_REC_EXP","INT_REC","USD","A","2010",20240.6,
"CAN","TOUR_REC_EXP","INT_REC","USD","A","2011",22296.5,
"CAN","TOUR_REC_EXP","INT_REC","USD","A","2012",23438.9,
"CAN","TOUR_REC_EXP","INT_REC","USD","A","2013",24190,
"CAN","TOUR_REC_EXP","INT_REC","USD","A","2014",24580.2,
"CAN","TOUR_REC_EXP","INT_REC","USD","A","2015",23083.7,
"CAN","TOUR_REC_EXP","INT_REC","USD","A","2016",25685.4,
"CAN","TOUR_REC_EXP","INT_REC","USD","A","2017",28459.1,
"CAN","TOUR_REC_EXP","INT_REC","USD","A","2018",30444.1,
"CAN","TOUR_REC_EXP","INT_REC","USD","A","2019",31641,
"CAN","TOUR_REC_EXP","INT-EXP","USD","A","2008",34820.1,
"CAN","TOUR_REC_EXP","INT-EXP","USD","A","2009",31663.4,
"CAN","TOUR_REC_EXP","INT-EXP","USD","A","2010",38933.6,
"CAN","TOUR_REC_EXP","INT-EXP","USD","A","2011",43166.7,
"CAN","TOUR_REC_EXP","INT-EXP","USD","A","2012",45144.6,
"CAN","TOUR_REC_EXP","INT-EXP","USD","A","2013",45746.3,
"CAN","TOUR_REC_EXP","INT-EXP","USD","A","2014",44946,
"CAN","TOUR_REC_EXP","INT-EXP","USD","A","2015",40333.6,
"CAN","TOUR_REC_EXP","INT-EXP","USD","A","2016",39178.7,
"CAN","TOUR_REC_EXP","INT-EXP","USD","A","2017",41888,
"CAN","TOUR_REC_EXP","INT-EXP","USD","A","2018",42313.1,
"CAN","TOUR_REC_EXP","INT-EXP","USD","A","2019",43681.5,
"CZE","TOUR_REC_EXP","INT_REC","USD","A","2008",8801.611,
"CZE","TOUR_REC_EXP","INT_REC","USD","A","2009",7874.834,
"CZE","TOUR_REC_EXP","INT_REC","USD","A","2010",8065.4,
"CZE","TOUR_REC_EXP","INT_REC","USD","A","2011",8929,
"CZE","TOUR_REC_EXP","INT_REC","USD","A","2012",8174.1,
"CZE","TOUR_REC_EXP","INT_REC","USD","A","2013",7792.6,
"CZE","TOUR_REC_EXP","INT_REC","USD","A","2014",7619.6,
"CZE","TOUR_REC_EXP","INT_REC","USD","A","2015",6766.5,
"CZE","TOUR_REC_EXP","INT_REC","USD","A","2016",7039.7,
"CZE","TOUR_REC_EXP","INT_REC","USD","A","2017",7655.4,
"CZE","TOUR_REC_EXP","INT_REC","USD","A","2018",8290.4,
"CZE","TOUR_REC_EXP","INT-EXP","USD","A","2008",4749.628,
"CZE","TOUR_REC_EXP","INT-EXP","USD","A","2009",4128.136,
"CZE","TOUR_REC_EXP","INT-EXP","USD","A","2010",4352.2,
"CZE","TOUR_REC_EXP","INT-EXP","USD","A","2011",4855.6,
"CZE","TOUR_REC_EXP","INT-EXP","USD","A","2012",4557.5,
"CZE","TOUR_REC_EXP","INT-EXP","USD","A","2013",4697.9,
"CZE","TOUR_REC_EXP","INT-EXP","USD","A","2014",5182,
"CZE","TOUR_REC_EXP","INT-EXP","USD","A","2015",4818.4,
"CZE","TOUR_REC_EXP","INT-EXP","USD","A","2016",4961.6,
"CZE","TOUR_REC_EXP","INT-EXP","USD","A","2017",5509,
"CZE","TOUR_REC_EXP","INT-EXP","USD","A","2018",6069.1,
"DNK","TOUR_REC_EXP","INT_REC","USD","A","2008",8751.64,
"DNK","TOUR_REC_EXP","INT_REC","USD","A","2009",7501.394,
"DNK","TOUR_REC_EXP","INT_REC","USD","A","2010",7778.2,
"DNK","TOUR_REC_EXP","INT_REC","USD","A","2011",8916.4,
"DNK","TOUR_REC_EXP","INT_REC","USD","A","2012",8763.5,
"DNK","TOUR_REC_EXP","INT_REC","USD","A","2013",9957.3,
"DNK","TOUR_REC_EXP","INT_REC","USD","A","2014",10416.7,
"DNK","TOUR_REC_EXP","INT_REC","USD","A","2015",8936.3,
"DNK","TOUR_REC_EXP","INT_REC","USD","A","2016",9857.4,
"DNK","TOUR_REC_EXP","INT_REC","USD","A","2017",10887.5,
"DNK","TOUR_REC_EXP","INT_REC","USD","A","2018",11622.2,
"DNK","TOUR_REC_EXP","INT-EXP","USD","A","2008",10379.687,
"DNK","TOUR_REC_EXP","INT-EXP","USD","A","2009",10724.379,
"DNK","TOUR_REC_EXP","INT-EXP","USD","A","2010",10619.9,
"DNK","TOUR_REC_EXP","INT-EXP","USD","A","2011",11832.2,
"DNK","TOUR_REC_EXP","INT-EXP","USD","A","2012",11208.4,
"DNK","TOUR_REC_EXP","INT-EXP","USD","A","2013",11871.1,
"DNK","TOUR_REC_EXP","INT-EXP","USD","A","2014",12343.4,
"DNK","TOUR_REC_EXP","INT-EXP","USD","A","2015",10717.8,
"DNK","TOUR_REC_EXP","INT-EXP","USD","A","2016",10941.5,
"DNK","TOUR_REC_EXP","INT-EXP","USD","A","2017",11554.6,
"DNK","TOUR_REC_EXP","INT-EXP","USD","A","2018",12394.9,
"FIN","TOUR_REC_EXP","INT_REC","USD","A","2008",3742.294,
"FIN","TOUR_REC_EXP","INT_REC","USD","A","2009",3237.845,
"FIN","TOUR_REC_EXP","INT_REC","USD","A","2010",3520.996,
"FIN","TOUR_REC_EXP","INT_REC","USD","A","2011",5577.872,
"FIN","TOUR_REC_EXP","INT_REC","USD","A","2012",5427.692,
"FIN","TOUR_REC_EXP","INT_REC","USD","A","2013",5775.7,
"FIN","TOUR_REC_EXP","INT_REC","USD","A","2014",5459.5,
"FIN","TOUR_REC_EXP","INT_REC","USD","A","2015",4008.1,
"FIN","TOUR_REC_EXP","INT_REC","USD","A","2016",4013.1,
"FIN","TOUR_REC_EXP","INT_REC","USD","A","2017",5175.8,
"FIN","TOUR_REC_EXP","INT_REC","USD","A","2018",5763.7,
"FIN","TOUR_REC_EXP","INT-EXP","USD","A","2008",4868.231,
"FIN","TOUR_REC_EXP","INT-EXP","USD","A","2009",4716.278,
"FIN","TOUR_REC_EXP","INT-EXP","USD","A","2010",4647.842,
"FIN","TOUR_REC_EXP","INT-EXP","USD","A","2011",5997.65,
"FIN","TOUR_REC_EXP","INT-EXP","USD","A","2012",5843.589,
"FIN","TOUR_REC_EXP","INT-EXP","USD","A","2013",6386.5,
"FIN","TOUR_REC_EXP","INT-EXP","USD","A","2014",6320.5,
"FIN","TOUR_REC_EXP","INT-EXP","USD","A","2015",5788.3,
"FIN","TOUR_REC_EXP","INT-EXP","USD","A","2016",6198.9,
"FIN","TOUR_REC_EXP","INT-EXP","USD","A","2017",6640.8,
"FIN","TOUR_REC_EXP","INT-EXP","USD","A","2018",7239.3,
"FRA","TOUR_REC_EXP","INT_REC","USD","A","2008",66878.091,
"FRA","TOUR_REC_EXP","INT_REC","USD","A","2009",58610.002,
"FRA","TOUR_REC_EXP","INT_REC","USD","A","2010",56690.1,
"FRA","TOUR_REC_EXP","INT_REC","USD","A","2011",65642.1,
"FRA","TOUR_REC_EXP","INT_REC","USD","A","2012",64309.9,
"FRA","TOUR_REC_EXP","INT_REC","USD","A","2013",66150.7,
"FRA","TOUR_REC_EXP","INT_REC","USD","A","2014",67023.9,
"FRA","TOUR_REC_EXP","INT_REC","USD","A","2015",66434.2,
"FRA","TOUR_REC_EXP","INT_REC","USD","A","2016",63345,
"FRA","TOUR_REC_EXP","INT_REC","USD","A","2017",67393.8,
"FRA","TOUR_REC_EXP","INT_REC","USD","A","2018",73218.9,
"FRA","TOUR_REC_EXP","INT-EXP","USD","A","2008",49670.781,
"FRA","TOUR_REC_EXP","INT-EXP","USD","A","2009",45665.514,
"FRA","TOUR_REC_EXP","INT-EXP","USD","A","2010",46829.3,
"FRA","TOUR_REC_EXP","INT-EXP","USD","A","2011",55292.6,
"FRA","TOUR_REC_EXP","INT-EXP","USD","A","2012",50225.2,
"FRA","TOUR_REC_EXP","INT-EXP","USD","A","2013",52468.4,
"FRA","TOUR_REC_EXP","INT-EXP","USD","A","2014",58370.9,
"FRA","TOUR_REC_EXP","INT-EXP","USD","A","2015",47702,
"FRA","TOUR_REC_EXP","INT-EXP","USD","A","2016",48937.3,
"FRA","TOUR_REC_EXP","INT-EXP","USD","A","2017",52183,
"FRA","TOUR_REC_EXP","INT-EXP","USD","A","2018",57992,
"DEU","TOUR_REC_EXP","INT_REC","USD","A","2008",53187.828,
"DEU","TOUR_REC_EXP","INT_REC","USD","A","2009",47203.349,
"DEU","TOUR_REC_EXP","INT_REC","USD","A","2010",49236.8,
"DEU","TOUR_REC_EXP","INT_REC","USD","A","2011",53333.8,
"DEU","TOUR_REC_EXP","INT_REC","USD","A","2012",51727.2,
"DEU","TOUR_REC_EXP","INT_REC","USD","A","2013",55474.3,
"DEU","TOUR_REC_EXP","INT_REC","USD","A","2014",58664.1,
"DEU","TOUR_REC_EXP","INT_REC","USD","A","2015",50664.5,
"DEU","TOUR_REC_EXP","INT_REC","USD","A","2016",52159.5,
"DEU","TOUR_REC_EXP","INT_REC","USD","A","2017",56066.2,
"DEU","TOUR_REC_EXP","INT_REC","USD","A","2018",59776.7,
"DEU","TOUR_REC_EXP","INT-EXP","USD","A","2008",105000.183,
"DEU","TOUR_REC_EXP","INT-EXP","USD","A","2009",92497.948,
"DEU","TOUR_REC_EXP","INT-EXP","USD","A","2010",91353.5,
"DEU","TOUR_REC_EXP","INT-EXP","USD","A","2011",99425.2,
"DEU","TOUR_REC_EXP","INT-EXP","USD","A","2012",96649.8,
"DEU","TOUR_REC_EXP","INT-EXP","USD","A","2013",102723.3,
"DEU","TOUR_REC_EXP","INT-EXP","USD","A","2014",101658.3,
"DEU","TOUR_REC_EXP","INT-EXP","USD","A","2015",85346,
"DEU","TOUR_REC_EXP","INT-EXP","USD","A","2016",87223.5,
"DEU","TOUR_REC_EXP","INT-EXP","USD","A","2017",96848.4,
"DEU","TOUR_REC_EXP","INT-EXP","USD","A","2018",104039.7,
"GRC","TOUR_REC_EXP","INT_REC","USD","A","2008",17212.437,
"GRC","TOUR_REC_EXP","INT_REC","USD","A","2009",14562.259,
"GRC","TOUR_REC_EXP","INT_REC","USD","A","2010",12830.7,
"GRC","TOUR_REC_EXP","INT_REC","USD","A","2011",14851.6,
"GRC","TOUR_REC_EXP","INT_REC","USD","A","2012",14877.1,
"GRC","TOUR_REC_EXP","INT_REC","USD","A","2013",17484.2,
"GRC","TOUR_REC_EXP","INT_REC","USD","A","2014",19439.1,
"GRC","TOUR_REC_EXP","INT_REC","USD","A","2015",17550.1,
"GRC","TOUR_REC_EXP","INT_REC","USD","A","2016",16687.3,
"GRC","TOUR_REC_EXP","INT_REC","USD","A","2017",18729.9,
"GRC","TOUR_REC_EXP","INT_REC","USD","A","2018",21771.4,
"GRC","TOUR_REC_EXP","INT-EXP","USD","A","2008",3940.923,
"GRC","TOUR_REC_EXP","INT-EXP","USD","A","2009",3387.725,
"GRC","TOUR_REC_EXP","INT-EXP","USD","A","2010",2876,
"GRC","TOUR_REC_EXP","INT-EXP","USD","A","2011",3229,
"GRC","TOUR_REC_EXP","INT-EXP","USD","A","2012",3009,
"GRC","TOUR_REC_EXP","INT-EXP","USD","A","2013",3767.2,
"GRC","TOUR_REC_EXP","INT-EXP","USD","A","2014",3998.4,
"GRC","TOUR_REC_EXP","INT-EXP","USD","A","2015",3536.5,
"GRC","TOUR_REC_EXP","INT-EXP","USD","A","2016",3408.6,
"GRC","TOUR_REC_EXP","INT-EXP","USD","A","2017",3290.3,
"GRC","TOUR_REC_EXP","INT-EXP","USD","A","2018",3911.7,
"HUN","TOUR_REC_EXP","INT_REC","USD","A","2008",6997.995,
"HUN","TOUR_REC_EXP","INT_REC","USD","A","2009",6650.088,
"HUN","TOUR_REC_EXP","INT_REC","USD","A","2010",6641.1,
"HUN","TOUR_REC_EXP","INT_REC","USD","A","2011",7276.3,
"HUN","TOUR_REC_EXP","INT_REC","USD","A","2012",6156.7,
"HUN","TOUR_REC_EXP","INT_REC","USD","A","2013",6675.4,
"HUN","TOUR_REC_EXP","INT_REC","USD","A","2014",7483.4,
"HUN","TOUR_REC_EXP","INT_REC","USD","A","2015",6934.2,
"HUN","TOUR_REC_EXP","INT_REC","USD","A","2016",7468.6,
"HUN","TOUR_REC_EXP","INT_REC","USD","A","2017",8377.3,
"HUN","TOUR_REC_EXP","INT_REC","USD","A","2018",9631.8,
"HUN","TOUR_REC_EXP","INT-EXP","USD","A","2008",3747.271,
"HUN","TOUR_REC_EXP","INT-EXP","USD","A","2009",3209.621,
"HUN","TOUR_REC_EXP","INT-EXP","USD","A","2010",2914.1,
"HUN","TOUR_REC_EXP","INT-EXP","USD","A","2011",3027.1,
"HUN","TOUR_REC_EXP","INT-EXP","USD","A","2012",2459.1,
"HUN","TOUR_REC_EXP","INT-EXP","USD","A","2013",2528.1,
"HUN","TOUR_REC_EXP","INT-EXP","USD","A","2014",2707.6,
"HUN","TOUR_REC_EXP","INT-EXP","USD","A","2015",2457.1,
"HUN","TOUR_REC_EXP","INT-EXP","USD","A","2016",2734,
"HUN","TOUR_REC_EXP","INT-EXP","USD","A","2017",3028.8,
"HUN","TOUR_REC_EXP","INT-EXP","USD","A","2018",3289.5,
"ISL","TOUR_REC_EXP","INT_REC","USD","A","2008",836.54,
"ISL","TOUR_REC_EXP","INT_REC","USD","A","2009",1257.888,
"ISL","TOUR_REC_EXP","INT_REC","USD","A","2010",1331.972,
"ISL","TOUR_REC_EXP","INT_REC","USD","A","2011",1694.596,
"ISL","TOUR_REC_EXP","INT_REC","USD","A","2012",1914.146,
"ISL","TOUR_REC_EXP","INT_REC","USD","A","2013",2264.2,
"ISL","TOUR_REC_EXP","INT_REC","USD","A","2014",2608.9,
"ISL","TOUR_REC_EXP","INT_REC","USD","A","2015",2801.4,
"ISL","TOUR_REC_EXP","INT_REC","USD","A","2016",3828.6,
"ISL","TOUR_REC_EXP","INT_REC","USD","A","2017",4693.2,
"ISL","TOUR_REC_EXP","INT_REC","USD","A","2018",3139.6,
"ISL","TOUR_REC_EXP","INT-EXP","USD","A","2008",1047.529,
"ISL","TOUR_REC_EXP","INT-EXP","USD","A","2009",583.834,
"ISL","TOUR_REC_EXP","INT-EXP","USD","A","2010",645.226,
"ISL","TOUR_REC_EXP","INT-EXP","USD","A","2011",799.95,
"ISL","TOUR_REC_EXP","INT-EXP","USD","A","2012",843.077,
"ISL","TOUR_REC_EXP","INT-EXP","USD","A","2013",906.5,
"ISL","TOUR_REC_EXP","INT-EXP","USD","A","2014",1034,
"ISL","TOUR_REC_EXP","INT-EXP","USD","A","2015",1055.8,
"ISL","TOUR_REC_EXP","INT-EXP","USD","A","2016",1321,
"ISL","TOUR_REC_EXP","INT-EXP","USD","A","2017",1724.3,
"ISL","TOUR_REC_EXP","INT-EXP","USD","A","2018",1839.8,
"IRL","TOUR_REC_EXP","INT_REC","USD","A","2008",6279.708,
"IRL","TOUR_REC_EXP","INT_REC","USD","A","2009",8410.167,
"IRL","TOUR_REC_EXP","INT_REC","USD","A","2010",8244.542,
"IRL","TOUR_REC_EXP","INT_REC","USD","A","2011",9466.814,
"IRL","TOUR_REC_EXP","INT_REC","USD","A","2012",9305,
"IRL","TOUR_REC_EXP","INT_REC","USD","A","2013",10177.2,
"IRL","TOUR_REC_EXP","INT_REC","USD","A","2014",11079.5,
"IRL","TOUR_REC_EXP","INT_REC","USD","A","2015",11484.3,
"IRL","TOUR_REC_EXP","INT_REC","USD","A","2016",12605.7,
"IRL","TOUR_REC_EXP","INT_REC","USD","A","2017",14132.3,
"IRL","TOUR_REC_EXP","INT_REC","USD","A","2018",14701.5,
"IRL","TOUR_REC_EXP","INT-EXP","USD","A","2008",10321.163,
"IRL","TOUR_REC_EXP","INT-EXP","USD","A","2009",7896.167,
"IRL","TOUR_REC_EXP","INT-EXP","USD","A","2010",7203.544,
"IRL","TOUR_REC_EXP","INT-EXP","USD","A","2011",6810.268,
"IRL","TOUR_REC_EXP","INT-EXP","USD","A","2012",6026,
"IRL","TOUR_REC_EXP","INT-EXP","USD","A","2013",6310.7,
"IRL","TOUR_REC_EXP","INT-EXP","USD","A","2014",6516.9,
"IRL","TOUR_REC_EXP","INT-EXP","USD","A","2015",5797.1,
"IRL","TOUR_REC_EXP","INT-EXP","USD","A","2016",6312.9,
"IRL","TOUR_REC_EXP","INT-EXP","USD","A","2017",6645.2,
"IRL","TOUR_REC_EXP","INT-EXP","USD","A","2018",7497.8,
"ITA","TOUR_REC_EXP","INT_REC","USD","A","2008",48073.314,
"ITA","TOUR_REC_EXP","INT_REC","USD","A","2009",41638.913,
"ITA","TOUR_REC_EXP","INT_REC","USD","A","2010",40375.2,
"ITA","TOUR_REC_EXP","INT_REC","USD","A","2011",45055.2,
"ITA","TOUR_REC_EXP","INT_REC","USD","A","2012",43270.8,
"ITA","TOUR_REC_EXP","INT_REC","USD","A","2013",46257.7,
"ITA","TOUR_REC_EXP","INT_REC","USD","A","2014",47714,
"ITA","TOUR_REC_EXP","INT_REC","USD","A","2015",41520.5,
"ITA","TOUR_REC_EXP","INT_REC","USD","A","2016",42309.8,
"ITA","TOUR_REC_EXP","INT_REC","USD","A","2017",46245.7,
"ITA","TOUR_REC_EXP","INT_REC","USD","A","2018",51771.2,
"ITA","TOUR_REC_EXP","INT-EXP","USD","A","2008",37480.895,
"ITA","TOUR_REC_EXP","INT-EXP","USD","A","2009",34231.798,
"ITA","TOUR_REC_EXP","INT-EXP","USD","A","2010",33205.5,
"ITA","TOUR_REC_EXP","INT-EXP","USD","A","2011",35588.1,
"ITA","TOUR_REC_EXP","INT-EXP","USD","A","2012",32925.6,
"ITA","TOUR_REC_EXP","INT-EXP","USD","A","2013",33526.5,
"ITA","TOUR_REC_EXP","INT-EXP","USD","A","2014",35530.7,
"ITA","TOUR_REC_EXP","INT-EXP","USD","A","2015",30328.7,
"ITA","TOUR_REC_EXP","INT-EXP","USD","A","2016",30543.9,
"ITA","TOUR_REC_EXP","INT-EXP","USD","A","2017",34537.8,
"ITA","TOUR_REC_EXP","INT-EXP","USD","A","2018",37738.5,
"JPN","TOUR_REC_EXP","INT_REC","USD","A","2008",13790.6,
"JPN","TOUR_REC_EXP","INT_REC","USD","A","2009",12506.2,
"JPN","TOUR_REC_EXP","INT_REC","USD","A","2010",15334.8,
"JPN","TOUR_REC_EXP","INT_REC","USD","A","2011",12500.1,
"JPN","TOUR_REC_EXP","INT_REC","USD","A","2012",16192.2,
"JPN","TOUR_REC_EXP","INT_REC","USD","A","2013",16904.6,
"JPN","TOUR_REC_EXP","INT_REC","USD","A","2014",20828.9,
"JPN","TOUR_REC_EXP","INT_REC","USD","A","2015",27300.6,
"JPN","TOUR_REC_EXP","INT_REC","USD","A","2016",33382.8,
"JPN","TOUR_REC_EXP","INT_REC","USD","A","2017",36967.1,
"JPN","TOUR_REC_EXP","INT_REC","USD","A","2018",45276.1,
"JPN","TOUR_REC_EXP","INT_REC","USD","A","2019",49206.3,
"JPN","TOUR_REC_EXP","INT-EXP","USD","A","2008",38964.9,
"JPN","TOUR_REC_EXP","INT-EXP","USD","A","2009",34719.8,
"JPN","TOUR_REC_EXP","INT-EXP","USD","A","2010",39181.2,
"JPN","TOUR_REC_EXP","INT-EXP","USD","A","2011",39686.4,
"JPN","TOUR_REC_EXP","INT-EXP","USD","A","2012",40933.6,
"JPN","TOUR_REC_EXP","INT-EXP","USD","A","2013",32227.1,
"JPN","TOUR_REC_EXP","INT-EXP","USD","A","2014",28536.9,
"JPN","TOUR_REC_EXP","INT-EXP","USD","A","2015",23254,
"JPN","TOUR_REC_EXP","INT-EXP","USD","A","2016",25853.1,
"JPN","TOUR_REC_EXP","INT-EXP","USD","A","2017",25772.6,
"JPN","TOUR_REC_EXP","INT-EXP","USD","A","2018",28115.5,
"JPN","TOUR_REC_EXP","INT-EXP","USD","A","2019",29130,
"KOR","TOUR_REC_EXP","INT_REC","USD","A","2008",13439.8,
"KOR","TOUR_REC_EXP","INT_REC","USD","A","2009",13262.1,
"KOR","TOUR_REC_EXP","INT_REC","USD","A","2010",14314.7,
"KOR","TOUR_REC_EXP","INT_REC","USD","A","2011",17329.3,
"KOR","TOUR_REC_EXP","INT_REC","USD","A","2012",18730.8,
"KOR","TOUR_REC_EXP","INT_REC","USD","A","2013",19457.7,
"KOR","TOUR_REC_EXP","INT_REC","USD","A","2014",22390.1,
"KOR","TOUR_REC_EXP","INT_REC","USD","A","2015",18711.5,
"KOR","TOUR_REC_EXP","INT_REC","USD","A","2016",20923.3,
"KOR","TOUR_REC_EXP","INT_REC","USD","A","2017",17173.1,
"KOR","TOUR_REC_EXP","INT_REC","USD","A","2018",19855.9,
"KOR","TOUR_REC_EXP","INT-EXP","USD","A","2008",21447,
"KOR","TOUR_REC_EXP","INT-EXP","USD","A","2009",16354.4,
"KOR","TOUR_REC_EXP","INT-EXP","USD","A","2010",20787.2,
"KOR","TOUR_REC_EXP","INT-EXP","USD","A","2011",22195.3,
"KOR","TOUR_REC_EXP","INT-EXP","USD","A","2012",22934.2,
"KOR","TOUR_REC_EXP","INT-EXP","USD","A","2013",24458.4,
"KOR","TOUR_REC_EXP","INT-EXP","USD","A","2014",26135.6,
"KOR","TOUR_REC_EXP","INT-EXP","USD","A","2015",27957.3,
"KOR","TOUR_REC_EXP","INT-EXP","USD","A","2016",29817.3,
"KOR","TOUR_REC_EXP","INT-EXP","USD","A","2017",34453.1,
"KOR","TOUR_REC_EXP","INT-EXP","USD","A","2018",34768.8,
"LUX","TOUR_REC_EXP","INT_REC","USD","A","2008",4886.366,
"LUX","TOUR_REC_EXP","INT_REC","USD","A","2009",4484.172,
"LUX","TOUR_REC_EXP","INT_REC","USD","A","2010",4518.9,
"LUX","TOUR_REC_EXP","INT_REC","USD","A","2011",5357.6,
"LUX","TOUR_REC_EXP","INT_REC","USD","A","2012",5380.9,
"LUX","TOUR_REC_EXP","INT_REC","USD","A","2013",5633.6,
"LUX","TOUR_REC_EXP","INT_REC","USD","A","2014",6031.3,
"LUX","TOUR_REC_EXP","INT_REC","USD","A","2015",4762.4,
"LUX","TOUR_REC_EXP","INT_REC","USD","A","2016",4763,
"LUX","TOUR_REC_EXP","INT_REC","USD","A","2017",4983.1,
"LUX","TOUR_REC_EXP","INT_REC","USD","A","2018",5544.3,
"LUX","TOUR_REC_EXP","INT-EXP","USD","A","2008",3841.213,
"LUX","TOUR_REC_EXP","INT-EXP","USD","A","2009",3690.804,
"LUX","TOUR_REC_EXP","INT-EXP","USD","A","2010",3624.8,
"LUX","TOUR_REC_EXP","INT-EXP","USD","A","2011",3872.9,
"LUX","TOUR_REC_EXP","INT-EXP","USD","A","2012",3119.7,
"LUX","TOUR_REC_EXP","INT-EXP","USD","A","2013",3291.5,
"LUX","TOUR_REC_EXP","INT-EXP","USD","A","2014",3355.3,
"LUX","TOUR_REC_EXP","INT-EXP","USD","A","2015",2870.2,
"LUX","TOUR_REC_EXP","INT-EXP","USD","A","2016",2909.2,
"LUX","TOUR_REC_EXP","INT-EXP","USD","A","2017",3037,
"LUX","TOUR_REC_EXP","INT-EXP","USD","A","2018",3298,
"MEX","TOUR_REC_EXP","INT_REC","USD","A","2008",14725.8,
"MEX","TOUR_REC_EXP","INT_REC","USD","A","2009",12542,
"MEX","TOUR_REC_EXP","INT_REC","USD","A","2010",12627.8,
"MEX","TOUR_REC_EXP","INT_REC","USD","A","2011",12457.4,
"MEX","TOUR_REC_EXP","INT_REC","USD","A","2012",13319.9,
"MEX","TOUR_REC_EXP","INT_REC","USD","A","2013",14311,
"MEX","TOUR_REC_EXP","INT_REC","USD","A","2014",16606.9,
"MEX","TOUR_REC_EXP","INT_REC","USD","A","2015",18728.2,
"MEX","TOUR_REC_EXP","INT_REC","USD","A","2016",20619.2,
"MEX","TOUR_REC_EXP","INT_REC","USD","A","2017",22467,
"MEX","TOUR_REC_EXP","INT_REC","USD","A","2018",23802.7,
"MEX","TOUR_REC_EXP","INT-EXP","USD","A","2008",10245.5,
"MEX","TOUR_REC_EXP","INT-EXP","USD","A","2009",8737.6,
"MEX","TOUR_REC_EXP","INT-EXP","USD","A","2010",9000.6,
"MEX","TOUR_REC_EXP","INT-EXP","USD","A","2011",9704.2,
"MEX","TOUR_REC_EXP","INT-EXP","USD","A","2012",10734.4,
"MEX","TOUR_REC_EXP","INT-EXP","USD","A","2013",11970.2,
"MEX","TOUR_REC_EXP","INT-EXP","USD","A","2014",12555.8,
"MEX","TOUR_REC_EXP","INT-EXP","USD","A","2015",12668,
"MEX","TOUR_REC_EXP","INT-EXP","USD","A","2016",12823.2,
"MEX","TOUR_REC_EXP","INT-EXP","USD","A","2017",13647.4,
"MEX","TOUR_REC_EXP","INT-EXP","USD","A","2018",14072.4,
"NLD","TOUR_REC_EXP","INT_REC","USD","A","2008",18639.9,
"NLD","TOUR_REC_EXP","INT_REC","USD","A","2009",16187.2,
"NLD","TOUR_REC_EXP","INT_REC","USD","A","2010",16794.7,
"NLD","TOUR_REC_EXP","INT_REC","USD","A","2011",18241.8,
"NLD","TOUR_REC_EXP","INT_REC","USD","A","2012",17675.1,
"NLD","TOUR_REC_EXP","INT_REC","USD","A","2013",19429.3,
"NLD","TOUR_REC_EXP","INT_REC","USD","A","2014",22190.7,
"NLD","TOUR_REC_EXP","INT_REC","USD","A","2015",20305.3,
"NLD","TOUR_REC_EXP","INT_REC","USD","A","2016",21137.8,
"NLD","TOUR_REC_EXP","INT_REC","USD","A","2017",23823.6,
"NLD","TOUR_REC_EXP","INT_REC","USD","A","2018",26043.5,
"NLD","TOUR_REC_EXP","INT-EXP","USD","A","2008",21341.4,
"NLD","TOUR_REC_EXP","INT-EXP","USD","A","2009",20333.3,
"NLD","TOUR_REC_EXP","INT-EXP","USD","A","2010",19491,
"NLD","TOUR_REC_EXP","INT-EXP","USD","A","2011",20930.9,
"NLD","TOUR_REC_EXP","INT-EXP","USD","A","2012",20093.5,
"NLD","TOUR_REC_EXP","INT-EXP","USD","A","2013",21008.6,
"NLD","TOUR_REC_EXP","INT-EXP","USD","A","2014",25801.9,
"NLD","TOUR_REC_EXP","INT-EXP","USD","A","2015",22183.1,
"NLD","TOUR_REC_EXP","INT-EXP","USD","A","2016",22524,
"NLD","TOUR_REC_EXP","INT-EXP","USD","A","2017",25150.9,
"NLD","TOUR_REC_EXP","INT-EXP","USD","A","2018",26208.3,
"NZL","TOUR_REC_EXP","INT_REC","USD","A","2008",7933.4,
"NZL","TOUR_REC_EXP","INT_REC","USD","A","2009",7054.3,
"NZL","TOUR_REC_EXP","INT_REC","USD","A","2010",7571.5,
"NZL","TOUR_REC_EXP","INT_REC","USD","A","2011",8547.8,
"NZL","TOUR_REC_EXP","INT_REC","USD","A","2012",8338.4,
"NZL","TOUR_REC_EXP","INT_REC","USD","A","2013",8697.7,
"NZL","TOUR_REC_EXP","INT_REC","USD","A","2014",9878.6,
"NZL","TOUR_REC_EXP","INT_REC","USD","A","2015",10460.5,
"NZL","TOUR_REC_EXP","INT_REC","USD","A","2016",10990.4,
"NZL","TOUR_REC_EXP","INT_REC","USD","A","2017",11765.9,
"NZL","TOUR_REC_EXP","INT_REC","USD","A","2018",12111.4,
"NZL","TOUR_REC_EXP","INT_REC","USD","A","2019",11771.7,
"NZL","TOUR_REC_EXP","INT-EXP","USD","A","2008",3976.2,
"NZL","TOUR_REC_EXP","INT-EXP","USD","A","2009",3370.6,
"NZL","TOUR_REC_EXP","INT-EXP","USD","A","2010",3878,
"NZL","TOUR_REC_EXP","INT-EXP","USD","A","2011",4391.7,
"NZL","TOUR_REC_EXP","INT-EXP","USD","A","2012",4714.5,
"NZL","TOUR_REC_EXP","INT-EXP","USD","A","2013",4865.5,
"NZL","TOUR_REC_EXP","INT-EXP","USD","A","2014",5106,
"NZL","TOUR_REC_EXP","INT-EXP","USD","A","2015",4593.6,
"NZL","TOUR_REC_EXP","INT-EXP","USD","A","2016",4792.1,
"NZL","TOUR_REC_EXP","INT-EXP","USD","A","2017",5432.4,
"NZL","TOUR_REC_EXP","INT-EXP","USD","A","2018",5695.9,
"NZL","TOUR_REC_EXP","INT-EXP","USD","A","2019",5570.3,
"NOR","TOUR_REC_EXP","INT_REC","USD","A","2008",4770.9,
"NOR","TOUR_REC_EXP","INT_REC","USD","A","2009",4154.4,
"NOR","TOUR_REC_EXP","INT_REC","USD","A","2010",4706.9,
"NOR","TOUR_REC_EXP","INT_REC","USD","A","2011",5307.6,
"NOR","TOUR_REC_EXP","INT_REC","USD","A","2012",5442,
"NOR","TOUR_REC_EXP","INT_REC","USD","A","2013",5642,
"NOR","TOUR_REC_EXP","INT_REC","USD","A","2014",5574.9,
"NOR","TOUR_REC_EXP","INT_REC","USD","A","2015",4873,
"NOR","TOUR_REC_EXP","INT_REC","USD","A","2016",5204.2,
"NOR","TOUR_REC_EXP","INT_REC","USD","A","2017",5558,
"NOR","TOUR_REC_EXP","INT_REC","USD","A","2018",5842.6,
"NOR","TOUR_REC_EXP","INT-EXP","USD","A","2008",13794.1,
"NOR","TOUR_REC_EXP","INT-EXP","USD","A","2009",11890,
"NOR","TOUR_REC_EXP","INT-EXP","USD","A","2010",13501.1,
"NOR","TOUR_REC_EXP","INT-EXP","USD","A","2011",15720.1,
"NOR","TOUR_REC_EXP","INT-EXP","USD","A","2012",16633.3,
"NOR","TOUR_REC_EXP","INT-EXP","USD","A","2013",18492.3,
"NOR","TOUR_REC_EXP","INT-EXP","USD","A","2014",18434.5,
"NOR","TOUR_REC_EXP","INT-EXP","USD","A","2015",15291.7,
"NOR","TOUR_REC_EXP","INT-EXP","USD","A","2016",15037.3,
"NOR","TOUR_REC_EXP","INT-EXP","USD","A","2017",16211.8,
"NOR","TOUR_REC_EXP","INT-EXP","USD","A","2018",17340.5,
"POL","TOUR_REC_EXP","INT_REC","USD","A","2008",12711.476,
"POL","TOUR_REC_EXP","INT_REC","USD","A","2009",9735.141,
"POL","TOUR_REC_EXP","INT_REC","USD","A","2010",10092.3,
"POL","TOUR_REC_EXP","INT_REC","USD","A","2011",11586.5,
"POL","TOUR_REC_EXP","INT_REC","USD","A","2012",11913.9,
"POL","TOUR_REC_EXP","INT_REC","USD","A","2013",12452.9,
"POL","TOUR_REC_EXP","INT_REC","USD","A","2014",12897.4,
"POL","TOUR_REC_EXP","INT_REC","USD","A","2015",11346.4,
"POL","TOUR_REC_EXP","INT_REC","USD","A","2016",12033.2,
"POL","TOUR_REC_EXP","INT_REC","USD","A","2017",13999.2,
"POL","TOUR_REC_EXP","INT_REC","USD","A","2018",15773.3,
"POL","TOUR_REC_EXP","INT-EXP","USD","A","2008",10398.299,
"POL","TOUR_REC_EXP","INT-EXP","USD","A","2009",7781.381,
"POL","TOUR_REC_EXP","INT-EXP","USD","A","2010",9156.5,
"POL","TOUR_REC_EXP","INT-EXP","USD","A","2011",8851.4,
"POL","TOUR_REC_EXP","INT-EXP","USD","A","2012",9153.1,
"POL","TOUR_REC_EXP","INT-EXP","USD","A","2013",9155.8,
"POL","TOUR_REC_EXP","INT-EXP","USD","A","2014",9527.9,
"POL","TOUR_REC_EXP","INT-EXP","USD","A","2015",8520.1,
"POL","TOUR_REC_EXP","INT-EXP","USD","A","2016",8598.1,
"POL","TOUR_REC_EXP","INT-EXP","USD","A","2017",9489.6,
"POL","TOUR_REC_EXP","INT-EXP","USD","A","2018",10635.1,
"PRT","TOUR_REC_EXP","INT_REC","USD","A","2008",13949.258,
"PRT","TOUR_REC_EXP","INT_REC","USD","A","2009",12210.135,
"PRT","TOUR_REC_EXP","INT_REC","USD","A","2010",13050.8,
"PRT","TOUR_REC_EXP","INT_REC","USD","A","2011",14842.4,
"PRT","TOUR_REC_EXP","INT_REC","USD","A","2012",14639.7,
"PRT","TOUR_REC_EXP","INT_REC","USD","A","2013",16088.2,
"PRT","TOUR_REC_EXP","INT_REC","USD","A","2014",17576.5,
"PRT","TOUR_REC_EXP","INT_REC","USD","A","2015",16000.5,
"PRT","TOUR_REC_EXP","INT_REC","USD","A","2016",17302.4,
"PRT","TOUR_REC_EXP","INT_REC","USD","A","2017",21344.5,
"PRT","TOUR_REC_EXP","INT_REC","USD","A","2018",24169.5,
"PRT","TOUR_REC_EXP","INT-EXP","USD","A","2008",5257.699,
"PRT","TOUR_REC_EXP","INT-EXP","USD","A","2009",4592.973,
"PRT","TOUR_REC_EXP","INT-EXP","USD","A","2010",4700.4,
"PRT","TOUR_REC_EXP","INT-EXP","USD","A","2011",4935,
"PRT","TOUR_REC_EXP","INT-EXP","USD","A","2012",4484.2,
"PRT","TOUR_REC_EXP","INT-EXP","USD","A","2013",4882,
"PRT","TOUR_REC_EXP","INT-EXP","USD","A","2014",5212.7,
"PRT","TOUR_REC_EXP","INT-EXP","USD","A","2015",4576,
"PRT","TOUR_REC_EXP","INT-EXP","USD","A","2016",4714.4,
"PRT","TOUR_REC_EXP","INT-EXP","USD","A","2017",5515,
"PRT","TOUR_REC_EXP","INT-EXP","USD","A","2018",6544,
"SVK","TOUR_REC_EXP","INT_REC","USD","A","2008",2989.323,
"SVK","TOUR_REC_EXP","INT_REC","USD","A","2009",2528.278,
"SVK","TOUR_REC_EXP","INT_REC","USD","A","2010",2339.324,
"SVK","TOUR_REC_EXP","INT_REC","USD","A","2011",2509.528,
"SVK","TOUR_REC_EXP","INT_REC","USD","A","2012",2371.728,
"SVK","TOUR_REC_EXP","INT_REC","USD","A","2013",2606.8,
"SVK","TOUR_REC_EXP","INT_REC","USD","A","2014",2553.2,
"SVK","TOUR_REC_EXP","INT_REC","USD","A","2015",2482.9,
"SVK","TOUR_REC_EXP","INT_REC","USD","A","2016",2807.6,
"SVK","TOUR_REC_EXP","INT_REC","USD","A","2017",3002.9,
"SVK","TOUR_REC_EXP","INT_REC","USD","A","2018",3325.2,
"SVK","TOUR_REC_EXP","INT-EXP","USD","A","2008",2570.046,
"SVK","TOUR_REC_EXP","INT-EXP","USD","A","2009",2334.084,
"SVK","TOUR_REC_EXP","INT-EXP","USD","A","2010",2220.59,
"SVK","TOUR_REC_EXP","INT-EXP","USD","A","2011",2525.974,
"SVK","TOUR_REC_EXP","INT-EXP","USD","A","2012",2335.37,
"SVK","TOUR_REC_EXP","INT-EXP","USD","A","2013",2524,
"SVK","TOUR_REC_EXP","INT-EXP","USD","A","2014",2580.6,
"SVK","TOUR_REC_EXP","INT-EXP","USD","A","2015",2266.3,
"SVK","TOUR_REC_EXP","INT-EXP","USD","A","2016",2417.7,
"SVK","TOUR_REC_EXP","INT-EXP","USD","A","2017",2587.5,
"SVK","TOUR_REC_EXP","INT-EXP","USD","A","2018",2836.4,
"ESP","TOUR_REC_EXP","INT_REC","USD","A","2008",69759.402,
"ESP","TOUR_REC_EXP","INT_REC","USD","A","2009",59315.712,
"ESP","TOUR_REC_EXP","INT_REC","USD","A","2010",65594.735,
"ESP","TOUR_REC_EXP","INT_REC","USD","A","2011",74893.478,
"ESP","TOUR_REC_EXP","INT_REC","USD","A","2012",70839.564,
"ESP","TOUR_REC_EXP","INT_REC","USD","A","2013",68498.2,
"ESP","TOUR_REC_EXP","INT_REC","USD","A","2014",71488.4,
"ESP","TOUR_REC_EXP","INT_REC","USD","A","2015",62450.4,
"ESP","TOUR_REC_EXP","INT_REC","USD","A","2016",66757.4,
"ESP","TOUR_REC_EXP","INT_REC","USD","A","2017",75143.4,
"ESP","TOUR_REC_EXP","INT_REC","USD","A","2018",81473.3,
"ESP","TOUR_REC_EXP","INT-EXP","USD","A","2008",27034.826,
"ESP","TOUR_REC_EXP","INT-EXP","USD","A","2009",22617.432,
"ESP","TOUR_REC_EXP","INT-EXP","USD","A","2010",22862.199,
"ESP","TOUR_REC_EXP","INT-EXP","USD","A","2011",23735.195,
"ESP","TOUR_REC_EXP","INT-EXP","USD","A","2012",21828.556,
"ESP","TOUR_REC_EXP","INT-EXP","USD","A","2013",16410.9,
"ESP","TOUR_REC_EXP","INT-EXP","USD","A","2014",18006.4,
"ESP","TOUR_REC_EXP","INT-EXP","USD","A","2015",17439,
"ESP","TOUR_REC_EXP","INT-EXP","USD","A","2016",18802.4,
"ESP","TOUR_REC_EXP","INT-EXP","USD","A","2017",22099.5,
"ESP","TOUR_REC_EXP","INT-EXP","USD","A","2018",26785.1,
"SWE","TOUR_REC_EXP","INT_REC","USD","A","2008",11871.464,
"SWE","TOUR_REC_EXP","INT_REC","USD","A","2009",10007.29,
"SWE","TOUR_REC_EXP","INT_REC","USD","A","2010",10820.5,
"SWE","TOUR_REC_EXP","INT_REC","USD","A","2011",12688.5,
"SWE","TOUR_REC_EXP","INT_REC","USD","A","2012",12430.7,
"SWE","TOUR_REC_EXP","INT_REC","USD","A","2013",13514.7,
"SWE","TOUR_REC_EXP","INT_REC","USD","A","2014",14124.3,
"SWE","TOUR_REC_EXP","INT_REC","USD","A","2015",13245.5,
"SWE","TOUR_REC_EXP","INT_REC","USD","A","2016",14851.6,
"SWE","TOUR_REC_EXP","INT_REC","USD","A","2017",16285.9,
"SWE","TOUR_REC_EXP","INT_REC","USD","A","2018",17268.2,
"SWE","TOUR_REC_EXP","INT-EXP","USD","A","2008",15238.124,
"SWE","TOUR_REC_EXP","INT-EXP","USD","A","2009",12698.887,
"SWE","TOUR_REC_EXP","INT-EXP","USD","A","2010",14350.2,
"SWE","TOUR_REC_EXP","INT-EXP","USD","A","2011",16411.3,
"SWE","TOUR_REC_EXP","INT-EXP","USD","A","2012",16569.9,
"SWE","TOUR_REC_EXP","INT-EXP","USD","A","2013",18299.2,
"SWE","TOUR_REC_EXP","INT-EXP","USD","A","2014",18363.2,
"SWE","TOUR_REC_EXP","INT-EXP","USD","A","2015",16490.7,
"SWE","TOUR_REC_EXP","INT-EXP","USD","A","2016",17221.9,
"SWE","TOUR_REC_EXP","INT-EXP","USD","A","2017",19407.3,
"SWE","TOUR_REC_EXP","INT-EXP","USD","A","2018",20341.3,
"CHE","TOUR_REC_EXP","INT_REC","USD","A","2008",14472.4,
"CHE","TOUR_REC_EXP","INT_REC","USD","A","2009",14140.3,
"CHE","TOUR_REC_EXP","INT_REC","USD","A","2010",14720.8,
"CHE","TOUR_REC_EXP","INT_REC","USD","A","2011",17210.5,
"CHE","TOUR_REC_EXP","INT_REC","USD","A","2012",16009.9,
"CHE","TOUR_REC_EXP","INT_REC","USD","A","2013",16687.9,
"CHE","TOUR_REC_EXP","INT_REC","USD","A","2014",17729.3,
"CHE","TOUR_REC_EXP","INT_REC","USD","A","2015",16911.6,
"CHE","TOUR_REC_EXP","INT_REC","USD","A","2016",16731.4,
"CHE","TOUR_REC_EXP","INT_REC","USD","A","2017",17221.3,
"CHE","TOUR_REC_EXP","INT_REC","USD","A","2018",17989.3,
"CHE","TOUR_REC_EXP","INT_REC","USD","A","2019",17947.8,
"CHE","TOUR_REC_EXP","INT-EXP","USD","A","2008",10912,
"CHE","TOUR_REC_EXP","INT-EXP","USD","A","2009",10936.2,
"CHE","TOUR_REC_EXP","INT-EXP","USD","A","2010",11172.7,
"CHE","TOUR_REC_EXP","INT-EXP","USD","A","2011",13763.8,
"CHE","TOUR_REC_EXP","INT-EXP","USD","A","2012",16040.9,
"CHE","TOUR_REC_EXP","INT-EXP","USD","A","2013",17028.6,
"CHE","TOUR_REC_EXP","INT-EXP","USD","A","2014",17767.8,
"CHE","TOUR_REC_EXP","INT-EXP","USD","A","2015",17200.7,
"CHE","TOUR_REC_EXP","INT-EXP","USD","A","2016",17599.9,
"CHE","TOUR_REC_EXP","INT-EXP","USD","A","2017",19066,
"CHE","TOUR_REC_EXP","INT-EXP","USD","A","2018",19072.2,
"CHE","TOUR_REC_EXP","INT-EXP","USD","A","2019",18750.8,
"TUR","TOUR_REC_EXP","INT_REC","USD","A","2008",26446,
"TUR","TOUR_REC_EXP","INT_REC","USD","A","2009",26331,
"TUR","TOUR_REC_EXP","INT_REC","USD","A","2010",26318,
"TUR","TOUR_REC_EXP","INT_REC","USD","A","2011",30302,
"TUR","TOUR_REC_EXP","INT_REC","USD","A","2012",31566,
"TUR","TOUR_REC_EXP","INT_REC","USD","A","2013",36192,
"TUR","TOUR_REC_EXP","INT_REC","USD","A","2014",38855,
"TUR","TOUR_REC_EXP","INT_REC","USD","A","2015",35597,
"TUR","TOUR_REC_EXP","INT_REC","USD","A","2016",26788,
"TUR","TOUR_REC_EXP","INT_REC","USD","A","2017",31868,
"TUR","TOUR_REC_EXP","INT_REC","USD","A","2018",37140,
"TUR","TOUR_REC_EXP","INT-EXP","USD","A","2008",4509,
"TUR","TOUR_REC_EXP","INT-EXP","USD","A","2009",5061,
"TUR","TOUR_REC_EXP","INT-EXP","USD","A","2010",5817,
"TUR","TOUR_REC_EXP","INT-EXP","USD","A","2011",5372,
"TUR","TOUR_REC_EXP","INT-EXP","USD","A","2012",4585,
"TUR","TOUR_REC_EXP","INT-EXP","USD","A","2013",5253,
"TUR","TOUR_REC_EXP","INT-EXP","USD","A","2014",5475,
"TUR","TOUR_REC_EXP","INT-EXP","USD","A","2015",5683,
"TUR","TOUR_REC_EXP","INT-EXP","USD","A","2016",5025,
"TUR","TOUR_REC_EXP","INT-EXP","USD","A","2017",5181.9,
"TUR","TOUR_REC_EXP","INT-EXP","USD","A","2018",4999,
"GBR","TOUR_REC_EXP","INT_REC","USD","A","2008",47637,
"GBR","TOUR_REC_EXP","INT_REC","USD","A","2009",38608.7,
"GBR","TOUR_REC_EXP","INT_REC","USD","A","2010",41474.3,
"GBR","TOUR_REC_EXP","INT_REC","USD","A","2011",47075.1,
"GBR","TOUR_REC_EXP","INT_REC","USD","A","2012",51002.3,
"GBR","TOUR_REC_EXP","INT_REC","USD","A","2013",56385.3,
"GBR","TOUR_REC_EXP","INT_REC","USD","A","2014",62938.6,
"GBR","TOUR_REC_EXP","INT_REC","USD","A","2015",66023.9,
"GBR","TOUR_REC_EXP","INT_REC","USD","A","2016",61987,
"GBR","TOUR_REC_EXP","INT_REC","USD","A","2017",47539,
"GBR","TOUR_REC_EXP","INT_REC","USD","A","2018",48601.8,
"GBR","TOUR_REC_EXP","INT-EXP","USD","A","2008",88203.2,
"GBR","TOUR_REC_EXP","INT-EXP","USD","A","2009",66017.3,
"GBR","TOUR_REC_EXP","INT-EXP","USD","A","2010",66228,
"GBR","TOUR_REC_EXP","INT-EXP","USD","A","2011",69401.7,
"GBR","TOUR_REC_EXP","INT-EXP","USD","A","2012",70815.3,
"GBR","TOUR_REC_EXP","INT-EXP","USD","A","2013",81724.5,
"GBR","TOUR_REC_EXP","INT-EXP","USD","A","2014",85691,
"GBR","TOUR_REC_EXP","INT-EXP","USD","A","2015",83944.1,
"GBR","TOUR_REC_EXP","INT-EXP","USD","A","2016",81834.4,
"GBR","TOUR_REC_EXP","INT-EXP","USD","A","2017",64997.2,
"GBR","TOUR_REC_EXP","INT-EXP","USD","A","2018",69027.8,
"USA","TOUR_REC_EXP","INT_REC","USD","A","2008",149095,
"USA","TOUR_REC_EXP","INT_REC","USD","A","2009",137114,
"USA","TOUR_REC_EXP","INT_REC","USD","A","2010",161821,
"USA","TOUR_REC_EXP","INT_REC","USD","A","2011",178935,
"USA","TOUR_REC_EXP","INT_REC","USD","A","2012",195114,
"USA","TOUR_REC_EXP","INT_REC","USD","A","2013",213103,
"USA","TOUR_REC_EXP","INT_REC","USD","A","2014",222747,
"USA","TOUR_REC_EXP","INT_REC","USD","A","2015",230574,
"USA","TOUR_REC_EXP","INT_REC","USD","A","2016",228551,
"USA","TOUR_REC_EXP","INT_REC","USD","A","2017",231124,
"USA","TOUR_REC_EXP","INT_REC","USD","A","2018",237726,
"USA","TOUR_REC_EXP","INT_REC","USD","A","2019",233458,
"USA","TOUR_REC_EXP","INT-EXP","USD","A","2008",119133,
"USA","TOUR_REC_EXP","INT-EXP","USD","A","2009",115126,
"USA","TOUR_REC_EXP","INT-EXP","USD","A","2010",123833,
"USA","TOUR_REC_EXP","INT-EXP","USD","A","2011",130607,
"USA","TOUR_REC_EXP","INT-EXP","USD","A","2012",138167,
"USA","TOUR_REC_EXP","INT-EXP","USD","A","2013",132324,
"USA","TOUR_REC_EXP","INT-EXP","USD","A","2014",140228,
"USA","TOUR_REC_EXP","INT-EXP","USD","A","2015",144667,
"USA","TOUR_REC_EXP","INT-EXP","USD","A","2016",147639,
"USA","TOUR_REC_EXP","INT-EXP","USD","A","2017",158331,
"USA","TOUR_REC_EXP","INT-EXP","USD","A","2018",172548,
"USA","TOUR_REC_EXP","INT-EXP","USD","A","2019",182365,
"BRA","TOUR_REC_EXP","INT_REC","USD","A","2008",6109.375,
"BRA","TOUR_REC_EXP","INT_REC","USD","A","2009",5634.802,
"BRA","TOUR_REC_EXP","INT_REC","USD","A","2010",5521.89,
"BRA","TOUR_REC_EXP","INT_REC","USD","A","2011",6369.69,
"BRA","TOUR_REC_EXP","INT_REC","USD","A","2012",6623.421,
"BRA","TOUR_REC_EXP","INT_REC","USD","A","2013",6783.68,
"BRA","TOUR_REC_EXP","INT_REC","USD","A","2014",7404.353,
"BRA","TOUR_REC_EXP","INT_REC","USD","A","2015",6254.327,
"BRA","TOUR_REC_EXP","INT_REC","USD","A","2016",6612.773,
"BRA","TOUR_REC_EXP","INT_REC","USD","A","2017",6175.036,
"BRA","TOUR_REC_EXP","INT_REC","USD","A","2018",6323.462,
"BRA","TOUR_REC_EXP","INT_REC","USD","A","2019",6044.904,
"BRA","TOUR_REC_EXP","INT-EXP","USD","A","2008",13269.675,
"BRA","TOUR_REC_EXP","INT-EXP","USD","A","2009",12896.789,
"BRA","TOUR_REC_EXP","INT-EXP","USD","A","2010",18883.587,
"BRA","TOUR_REC_EXP","INT-EXP","USD","A","2011",24608.092,
"BRA","TOUR_REC_EXP","INT-EXP","USD","A","2012",26007.326,
"BRA","TOUR_REC_EXP","INT-EXP","USD","A","2013",29286.515,
"BRA","TOUR_REC_EXP","INT-EXP","USD","A","2014",29998.262,
"BRA","TOUR_REC_EXP","INT-EXP","USD","A","2015",20356.101,
"BRA","TOUR_REC_EXP","INT-EXP","USD","A","2016",17067.798,
"BRA","TOUR_REC_EXP","INT-EXP","USD","A","2017",22991.143,
"BRA","TOUR_REC_EXP","INT-EXP","USD","A","2018",22228.939,
"BRA","TOUR_REC_EXP","INT-EXP","USD","A","2019",21177.995,
"BGR","TOUR_REC_EXP","INT_REC","USD","A","2008",4646.894,
"BGR","TOUR_REC_EXP","INT_REC","USD","A","2009",4113.433,
"BGR","TOUR_REC_EXP","INT_REC","USD","A","2010",3883.297,
"BGR","TOUR_REC_EXP","INT_REC","USD","A","2011",4235.3,
"BGR","TOUR_REC_EXP","INT_REC","USD","A","2012",4043.182,
"BGR","TOUR_REC_EXP","INT_REC","USD","A","2013",4419.354,
"BGR","TOUR_REC_EXP","INT_REC","USD","A","2014",4494.341,
"BGR","TOUR_REC_EXP","INT_REC","USD","A","2015",3574.179,
"BGR","TOUR_REC_EXP","INT_REC","USD","A","2016",4141.153,
"BGR","TOUR_REC_EXP","INT_REC","USD","A","2017",4597.903,
"BGR","TOUR_REC_EXP","INT_REC","USD","A","2018",5110.092,
"BGR","TOUR_REC_EXP","INT_REC","USD","A","2019",4863.369,
"BGR","TOUR_REC_EXP","INT-EXP","USD","A","2008",1956.796,
"BGR","TOUR_REC_EXP","INT-EXP","USD","A","2009",1403.046,
"BGR","TOUR_REC_EXP","INT-EXP","USD","A","2010",977.245,
"BGR","TOUR_REC_EXP","INT-EXP","USD","A","2011",1058.373,
"BGR","TOUR_REC_EXP","INT-EXP","USD","A","2012",1100.583,
"BGR","TOUR_REC_EXP","INT-EXP","USD","A","2013",1344.905,
"BGR","TOUR_REC_EXP","INT-EXP","USD","A","2014",1454.2,
"BGR","TOUR_REC_EXP","INT-EXP","USD","A","2015",1345.472,
"BGR","TOUR_REC_EXP","INT-EXP","USD","A","2016",1631.197,
"BGR","TOUR_REC_EXP","INT-EXP","USD","A","2017",2035.411,
"BGR","TOUR_REC_EXP","INT-EXP","USD","A","2018",2247.284,
"BGR","TOUR_REC_EXP","INT-EXP","USD","A","2019",2197.189,
"CHL","TOUR_REC_EXP","INT_REC","USD","A","2008",2481,
"CHL","TOUR_REC_EXP","INT_REC","USD","A","2009",2379.9,
"CHL","TOUR_REC_EXP","INT_REC","USD","A","2010",2362.2,
"CHL","TOUR_REC_EXP","INT_REC","USD","A","2011",2722.3,
"CHL","TOUR_REC_EXP","INT_REC","USD","A","2012",3158.7,
"CHL","TOUR_REC_EXP","INT_REC","USD","A","2013",3170.7,
"CHL","TOUR_REC_EXP","INT_REC","USD","A","2014",3202,
"CHL","TOUR_REC_EXP","INT_REC","USD","A","2015",3412.9,
"CHL","TOUR_REC_EXP","INT_REC","USD","A","2016",3744,
"CHL","TOUR_REC_EXP","INT_REC","USD","A","2017",4114.9,
"CHL","TOUR_REC_EXP","INT_REC","USD","A","2018",3881.5,
"CHL","TOUR_REC_EXP","INT_REC","USD","A","2019",3331.2,
"CHL","TOUR_REC_EXP","INT-EXP","USD","A","2008",1386,
"CHL","TOUR_REC_EXP","INT-EXP","USD","A","2009",1511.1,
"CHL","TOUR_REC_EXP","INT-EXP","USD","A","2010",1736.2,
"CHL","TOUR_REC_EXP","INT-EXP","USD","A","2011",2084.6,
"CHL","TOUR_REC_EXP","INT-EXP","USD","A","2012",2399.7,
"CHL","TOUR_REC_EXP","INT-EXP","USD","A","2013",2499,
"CHL","TOUR_REC_EXP","INT-EXP","USD","A","2014",2706.3,
"CHL","TOUR_REC_EXP","INT-EXP","USD","A","2015",2518.7,
"CHL","TOUR_REC_EXP","INT-EXP","USD","A","2016",2733.2,
"CHL","TOUR_REC_EXP","INT-EXP","USD","A","2017",3093.8,
"CHL","TOUR_REC_EXP","INT-EXP","USD","A","2018",3123.7,
"CHL","TOUR_REC_EXP","INT-EXP","USD","A","2019",3122.8,
"COL","TOUR_REC_EXP","INT_REC","USD","A","2008",2935.9,
"COL","TOUR_REC_EXP","INT_REC","USD","A","2009",3049.7,
"COL","TOUR_REC_EXP","INT_REC","USD","A","2010",3440.2,
"COL","TOUR_REC_EXP","INT_REC","USD","A","2011",3801.3,
"COL","TOUR_REC_EXP","INT_REC","USD","A","2012",4363.6,
"COL","TOUR_REC_EXP","INT_REC","USD","A","2013",4758.3,
"COL","TOUR_REC_EXP","INT_REC","USD","A","2014",4887.1,
"COL","TOUR_REC_EXP","INT_REC","USD","A","2015",5235.8,
"COL","TOUR_REC_EXP","INT_REC","USD","A","2016",5584.7,
"COL","TOUR_REC_EXP","INT_REC","USD","A","2017",5881.3,
"COL","TOUR_REC_EXP","INT_REC","USD","A","2018",6624.2,
"COL","TOUR_REC_EXP","INT_REC","USD","A","2019",6785.6,
"COL","TOUR_REC_EXP","INT-EXP","USD","A","2008",2775.2,
"COL","TOUR_REC_EXP","INT-EXP","USD","A","2009",2800.9,
"COL","TOUR_REC_EXP","INT-EXP","USD","A","2010",3187.9,
"COL","TOUR_REC_EXP","INT-EXP","USD","A","2011",3630.5,
"COL","TOUR_REC_EXP","INT-EXP","USD","A","2012",4362.4,
"COL","TOUR_REC_EXP","INT-EXP","USD","A","2013",4484.6,
"COL","TOUR_REC_EXP","INT-EXP","USD","A","2014",5175.1,
"COL","TOUR_REC_EXP","INT-EXP","USD","A","2015",4820.1,
"COL","TOUR_REC_EXP","INT-EXP","USD","A","2016",4824.2,
"COL","TOUR_REC_EXP","INT-EXP","USD","A","2017",5134.4,
"COL","TOUR_REC_EXP","INT-EXP","USD","A","2018",5622.7,
"COL","TOUR_REC_EXP","INT-EXP","USD","A","2019",5761.6,
"CRI","TOUR_REC_EXP","INT_REC","USD","A","2008",2811.9,
"CRI","TOUR_REC_EXP","INT_REC","USD","A","2009",2215.8,
"CRI","TOUR_REC_EXP","INT_REC","USD","A","2010",2426.4,
"CRI","TOUR_REC_EXP","INT_REC","USD","A","2011",2645.7,
"CRI","TOUR_REC_EXP","INT_REC","USD","A","2012",2772.7,
"CRI","TOUR_REC_EXP","INT_REC","USD","A","2013",3170.9,
"CRI","TOUR_REC_EXP","INT_REC","USD","A","2014",3137.2,
"CRI","TOUR_REC_EXP","INT_REC","USD","A","2015",3409,
"CRI","TOUR_REC_EXP","INT_REC","USD","A","2016",3776.3,
"CRI","TOUR_REC_EXP","INT_REC","USD","A","2017",3757.9,
"CRI","TOUR_REC_EXP","INT_REC","USD","A","2018",3864.3,
"CRI","TOUR_REC_EXP","INT_REC","USD","A","2019",4101.1,
"CRI","TOUR_REC_EXP","INT-EXP","USD","A","2008",752.9,
"CRI","TOUR_REC_EXP","INT-EXP","USD","A","2009",499.6,
"CRI","TOUR_REC_EXP","INT-EXP","USD","A","2010",629.1,
"CRI","TOUR_REC_EXP","INT-EXP","USD","A","2011",620.5,
"CRI","TOUR_REC_EXP","INT-EXP","USD","A","2012",646.9,
"CRI","TOUR_REC_EXP","INT-EXP","USD","A","2013",648.7,
"CRI","TOUR_REC_EXP","INT-EXP","USD","A","2014",657,
"CRI","TOUR_REC_EXP","INT-EXP","USD","A","2015",898.1,
"CRI","TOUR_REC_EXP","INT-EXP","USD","A","2016",1055.3,
"CRI","TOUR_REC_EXP","INT-EXP","USD","A","2017",1321.5,
"CRI","TOUR_REC_EXP","INT-EXP","USD","A","2018",1281.7,
"CRI","TOUR_REC_EXP","INT-EXP","USD","A","2019",1393.6,
"HRV","TOUR_REC_EXP","INT_REC","USD","A","2008",10031.71,
"HRV","TOUR_REC_EXP","INT_REC","USD","A","2009",8109.988,
"HRV","TOUR_REC_EXP","INT_REC","USD","A","2010",7454.291,
"HRV","TOUR_REC_EXP","INT_REC","USD","A","2011",8580.519,
"HRV","TOUR_REC_EXP","INT_REC","USD","A","2012",7742.356,
"HRV","TOUR_REC_EXP","INT_REC","USD","A","2013",9720.872,
"HRV","TOUR_REC_EXP","INT_REC","USD","A","2014",8885.426,
"HRV","TOUR_REC_EXP","INT_REC","USD","A","2015",8160.109,
"HRV","TOUR_REC_EXP","INT_REC","USD","A","2016",9107.382,
"HRV","TOUR_REC_EXP","INT_REC","USD","A","2017",10254.173,
"HRV","TOUR_REC_EXP","INT_REC","USD","A","2018",11425.447,
"HRV","TOUR_REC_EXP","INT_REC","USD","A","2019",11968.967,
"HRV","TOUR_REC_EXP","INT-EXP","USD","A","2008",1166.708,
"HRV","TOUR_REC_EXP","INT-EXP","USD","A","2009",1040.875,
"HRV","TOUR_REC_EXP","INT-EXP","USD","A","2010",860.513,
"HRV","TOUR_REC_EXP","INT-EXP","USD","A","2011",917.81,
"HRV","TOUR_REC_EXP","INT-EXP","USD","A","2012",961.806,
"HRV","TOUR_REC_EXP","INT-EXP","USD","A","2013",922.071,
"HRV","TOUR_REC_EXP","INT-EXP","USD","A","2014",861.302,
"HRV","TOUR_REC_EXP","INT-EXP","USD","A","2015",770.773,
"HRV","TOUR_REC_EXP","INT-EXP","USD","A","2016",952.345,
"HRV","TOUR_REC_EXP","INT-EXP","USD","A","2017",1384.042,
"HRV","TOUR_REC_EXP","INT-EXP","USD","A","2018",1738.468,
"HRV","TOUR_REC_EXP","INT-EXP","USD","A","2019",1810.824,
"EGY","TOUR_REC_EXP","INT_REC","USD","A","2008",12103.8,
"EGY","TOUR_REC_EXP","INT_REC","USD","A","2009",11756.9,
"EGY","TOUR_REC_EXP","INT_REC","USD","A","2010",13633.1,
"EGY","TOUR_REC_EXP","INT_REC","USD","A","2011",9333.2,
"EGY","TOUR_REC_EXP","INT_REC","USD","A","2012",10822.7,
"EGY","TOUR_REC_EXP","INT_REC","USD","A","2013",6746.7,
"EGY","TOUR_REC_EXP","INT_REC","USD","A","2014",7978.1,
"EGY","TOUR_REC_EXP","INT_REC","USD","A","2015",6896.8,
"EGY","TOUR_REC_EXP","INT_REC","USD","A","2016",3253.532,
"EGY","TOUR_REC_EXP","INT_REC","USD","A","2017",8636.3,
"EGY","TOUR_REC_EXP","INT_REC","USD","A","2018",12704,
"EGY","TOUR_REC_EXP","INT_REC","USD","A","2019",14340.038,
"EGY","TOUR_REC_EXP","INT-EXP","USD","A","2008",3389.9,
"EGY","TOUR_REC_EXP","INT-EXP","USD","A","2009",2941,
"EGY","TOUR_REC_EXP","INT-EXP","USD","A","2010",2695.4,
"EGY","TOUR_REC_EXP","INT-EXP","USD","A","2011",2574.1,
"EGY","TOUR_REC_EXP","INT-EXP","USD","A","2012",3037,
"EGY","TOUR_REC_EXP","INT-EXP","USD","A","2013",3260.3,
"EGY","TOUR_REC_EXP","INT-EXP","USD","A","2014",3485.4,
"EGY","TOUR_REC_EXP","INT-EXP","USD","A","2015",3635.9,
"EGY","TOUR_REC_EXP","INT-EXP","USD","A","2016",4351.3,
"EGY","TOUR_REC_EXP","INT-EXP","USD","A","2017",2418.8,
"EGY","TOUR_REC_EXP","INT-EXP","USD","A","2018",2897,
"EGY","TOUR_REC_EXP","INT-EXP","USD","A","2019",3742.949,
"EST","TOUR_REC_EXP","INT_REC","USD","A","2008",1626.533,
"EST","TOUR_REC_EXP","INT_REC","USD","A","2009",1437.408,
"EST","TOUR_REC_EXP","INT_REC","USD","A","2010",1421.3,
"EST","TOUR_REC_EXP","INT_REC","USD","A","2011",1673.7,
"EST","TOUR_REC_EXP","INT_REC","USD","A","2012",1593.8,
"EST","TOUR_REC_EXP","INT_REC","USD","A","2013",2062.6,
"EST","TOUR_REC_EXP","INT_REC","USD","A","2014",2273.4,
"EST","TOUR_REC_EXP","INT_REC","USD","A","2015",1881.8,
"EST","TOUR_REC_EXP","INT_REC","USD","A","2016",1910,
"EST","TOUR_REC_EXP","INT_REC","USD","A","2017",2111.7,
"EST","TOUR_REC_EXP","INT_REC","USD","A","2018",2336.5,
"EST","TOUR_REC_EXP","INT-EXP","USD","A","2008",933.456,
"EST","TOUR_REC_EXP","INT-EXP","USD","A","2009",692.165,
"EST","TOUR_REC_EXP","INT-EXP","USD","A","2010",723.4,
"EST","TOUR_REC_EXP","INT-EXP","USD","A","2011",937.9,
"EST","TOUR_REC_EXP","INT-EXP","USD","A","2012",960.3,
"EST","TOUR_REC_EXP","INT-EXP","USD","A","2013",1243,
"EST","TOUR_REC_EXP","INT-EXP","USD","A","2014",1345,
"EST","TOUR_REC_EXP","INT-EXP","USD","A","2015",1169.1,
"EST","TOUR_REC_EXP","INT-EXP","USD","A","2016",1298.3,
"EST","TOUR_REC_EXP","INT-EXP","USD","A","2017",1392.3,
"EST","TOUR_REC_EXP","INT-EXP","USD","A","2018",1652.6,
"IND","TOUR_REC_EXP","INT_REC","USD","A","2008",12462.151,
"IND","TOUR_REC_EXP","INT_REC","USD","A","2009",11220.682,
"IND","TOUR_REC_EXP","INT_REC","USD","A","2010",14489.7,
"IND","TOUR_REC_EXP","INT_REC","USD","A","2011",17707.5,
"IND","TOUR_REC_EXP","INT_REC","USD","A","2012",18339.961,
"IND","TOUR_REC_EXP","INT_REC","USD","A","2013",19041.736,
"IND","TOUR_REC_EXP","INT_REC","USD","A","2014",20756.16,
"IND","TOUR_REC_EXP","INT_REC","USD","A","2015",21471.224,
"IND","TOUR_REC_EXP","INT_REC","USD","A","2016",23111.129,
"IND","TOUR_REC_EXP","INT_REC","USD","A","2017",27877.838,
"IND","TOUR_REC_EXP","INT_REC","USD","A","2018",29142.986,
"IND","TOUR_REC_EXP","INT_REC","USD","A","2019",31661.062,
"IND","TOUR_REC_EXP","INT-EXP","USD","A","2008",12083.05,
"IND","TOUR_REC_EXP","INT-EXP","USD","A","2009",9740.292,
"IND","TOUR_REC_EXP","INT-EXP","USD","A","2010",10489.6,
"IND","TOUR_REC_EXP","INT-EXP","USD","A","2011",13699.2,
"IND","TOUR_REC_EXP","INT-EXP","USD","A","2012",14106.94,
"IND","TOUR_REC_EXP","INT-EXP","USD","A","2013",13883.661,
"IND","TOUR_REC_EXP","INT-EXP","USD","A","2014",17491.955,
"IND","TOUR_REC_EXP","INT-EXP","USD","A","2015",17685.741,
"IND","TOUR_REC_EXP","INT-EXP","USD","A","2016",19184.139,
"IND","TOUR_REC_EXP","INT-EXP","USD","A","2017",21856.177,
"IND","TOUR_REC_EXP","INT-EXP","USD","A","2018",25790.352,
"IND","TOUR_REC_EXP","INT-EXP","USD","A","2019",28594.81,
"IDN","TOUR_REC_EXP","INT_REC","USD","A","2008",8150.699,
"IDN","TOUR_REC_EXP","INT_REC","USD","A","2009",6052.56,
"IDN","TOUR_REC_EXP","INT_REC","USD","A","2010",7617.711,
"IDN","TOUR_REC_EXP","INT_REC","USD","A","2011",9038.06,
"IDN","TOUR_REC_EXP","INT_REC","USD","A","2012",9462.13,
"IDN","TOUR_REC_EXP","INT_REC","USD","A","2013",10302.62,
"IDN","TOUR_REC_EXP","INT_REC","USD","A","2014",11566.72,
"IDN","TOUR_REC_EXP","INT_REC","USD","A","2015",12053.886,
"IDN","TOUR_REC_EXP","INT_REC","USD","A","2016",12565.247,
"IDN","TOUR_REC_EXP","INT_REC","USD","A","2017",14691.072,
"IDN","TOUR_REC_EXP","INT_REC","USD","A","2018",17915.112,
"IDN","TOUR_REC_EXP","INT_REC","USD","A","2019",18403.703,
"IDN","TOUR_REC_EXP","INT-EXP","USD","A","2008",8801.09,
"IDN","TOUR_REC_EXP","INT-EXP","USD","A","2009",6907.92,
"IDN","TOUR_REC_EXP","INT-EXP","USD","A","2010",8431.45,
"IDN","TOUR_REC_EXP","INT-EXP","USD","A","2011",8653.25,
"IDN","TOUR_REC_EXP","INT-EXP","USD","A","2012",9054.39,
"IDN","TOUR_REC_EXP","INT-EXP","USD","A","2013",10280.36,
"IDN","TOUR_REC_EXP","INT-EXP","USD","A","2014",10262.64,
"IDN","TOUR_REC_EXP","INT-EXP","USD","A","2015",9799.937,
"IDN","TOUR_REC_EXP","INT-EXP","USD","A","2016",9932.172,
"IDN","TOUR_REC_EXP","INT-EXP","USD","A","2017",10945.136,
"IDN","TOUR_REC_EXP","INT-EXP","USD","A","2018",13171.025,
"IDN","TOUR_REC_EXP","INT-EXP","USD","A","2019",14461.93,
"ISR","TOUR_REC_EXP","INT_REC","USD","A","2008",5029.8,
"ISR","TOUR_REC_EXP","INT_REC","USD","A","2009",5067.099,
"ISR","TOUR_REC_EXP","INT_REC","USD","A","2010",5816.8,
"ISR","TOUR_REC_EXP","INT_REC","USD","A","2011",5886.4,
"ISR","TOUR_REC_EXP","INT_REC","USD","A","2012",6183.1,
"ISR","TOUR_REC_EXP","INT_REC","USD","A","2013",6599.8,
"ISR","TOUR_REC_EXP","INT_REC","USD","A","2014",6616.2,
"ISR","TOUR_REC_EXP","INT_REC","USD","A","2015",6605.2,
"ISR","TOUR_REC_EXP","INT_REC","USD","A","2016",6616.2,
"ISR","TOUR_REC_EXP","INT_REC","USD","A","2017",7601.8,
"ISR","TOUR_REC_EXP","INT_REC","USD","A","2018",8047.6,
"ISR","TOUR_REC_EXP","INT_REC","USD","A","2019",8438.6,
"ISR","TOUR_REC_EXP","INT-EXP","USD","A","2008",4446.2,
"ISR","TOUR_REC_EXP","INT-EXP","USD","A","2009",4240.998,
"ISR","TOUR_REC_EXP","INT-EXP","USD","A","2010",4725.6,
"ISR","TOUR_REC_EXP","INT-EXP","USD","A","2011",4937,
"ISR","TOUR_REC_EXP","INT-EXP","USD","A","2012",5008.8,
"ISR","TOUR_REC_EXP","INT-EXP","USD","A","2013",5757.9,
"ISR","TOUR_REC_EXP","INT-EXP","USD","A","2014",6534.3,
"ISR","TOUR_REC_EXP","INT-EXP","USD","A","2015",7507,
"ISR","TOUR_REC_EXP","INT-EXP","USD","A","2016",8210.3,
"ISR","TOUR_REC_EXP","INT-EXP","USD","A","2017",8986,
"ISR","TOUR_REC_EXP","INT-EXP","USD","A","2018",9974.7,
"ISR","TOUR_REC_EXP","INT-EXP","USD","A","2019",10389.5,
"LVA","TOUR_REC_EXP","INT_REC","USD","A","2008",1120.6,
"LVA","TOUR_REC_EXP","INT_REC","USD","A","2009",997.4,
"LVA","TOUR_REC_EXP","INT_REC","USD","A","2010",961.8,
"LVA","TOUR_REC_EXP","INT_REC","USD","A","2011",1104.9,
"LVA","TOUR_REC_EXP","INT_REC","USD","A","2012",1070.6,
"LVA","TOUR_REC_EXP","INT_REC","USD","A","2013",1189.5,
"LVA","TOUR_REC_EXP","INT_REC","USD","A","2014",1296.2,
"LVA","TOUR_REC_EXP","INT_REC","USD","A","2015",1282.1,
"LVA","TOUR_REC_EXP","INT_REC","USD","A","2016",1311.9,
"LVA","TOUR_REC_EXP","INT_REC","USD","A","2017",1406.3,
"LVA","TOUR_REC_EXP","INT_REC","USD","A","2018",1624.1,
"LVA","TOUR_REC_EXP","INT-EXP","USD","A","2008",1243.7,
"LVA","TOUR_REC_EXP","INT-EXP","USD","A","2009",903,
"LVA","TOUR_REC_EXP","INT-EXP","USD","A","2010",773.6,
"LVA","TOUR_REC_EXP","INT-EXP","USD","A","2011",924,
"LVA","TOUR_REC_EXP","INT-EXP","USD","A","2012",866.2,
"LVA","TOUR_REC_EXP","INT-EXP","USD","A","2013",897.4,
"LVA","TOUR_REC_EXP","INT-EXP","USD","A","2014",888.9,
"LVA","TOUR_REC_EXP","INT-EXP","USD","A","2015",803.1,
"LVA","TOUR_REC_EXP","INT-EXP","USD","A","2016",882.7,
"LVA","TOUR_REC_EXP","INT-EXP","USD","A","2017",918.5,
"LVA","TOUR_REC_EXP","INT-EXP","USD","A","2018",1013.9,
"LTU","TOUR_REC_EXP","INT_REC","USD","A","2010",1042.2,
"LTU","TOUR_REC_EXP","INT_REC","USD","A","2011",1375.8,
"LTU","TOUR_REC_EXP","INT_REC","USD","A","2012",1436.4,
"LTU","TOUR_REC_EXP","INT_REC","USD","A","2013",1502.8,
"LTU","TOUR_REC_EXP","INT_REC","USD","A","2014",1481.4,
"LTU","TOUR_REC_EXP","INT_REC","USD","A","2015",1287.3,
"LTU","TOUR_REC_EXP","INT_REC","USD","A","2016",1378.5,
"LTU","TOUR_REC_EXP","INT_REC","USD","A","2017",1556.7,
"LTU","TOUR_REC_EXP","INT_REC","USD","A","2018",1774.3,
"LTU","TOUR_REC_EXP","INT-EXP","USD","A","2010",940.5,
"LTU","TOUR_REC_EXP","INT-EXP","USD","A","2011",973.1,
"LTU","TOUR_REC_EXP","INT-EXP","USD","A","2012",1059.3,
"LTU","TOUR_REC_EXP","INT-EXP","USD","A","2013",1245.1,
"LTU","TOUR_REC_EXP","INT-EXP","USD","A","2014",1245.7,
"LTU","TOUR_REC_EXP","INT-EXP","USD","A","2015",1123.8,
"LTU","TOUR_REC_EXP","INT-EXP","USD","A","2016",1211.2,
"LTU","TOUR_REC_EXP","INT-EXP","USD","A","2017",1304.7,
"LTU","TOUR_REC_EXP","INT-EXP","USD","A","2018",1606,
"MLT","TOUR_REC_EXP","INT_REC","USD","A","2008",1082.982,
"MLT","TOUR_REC_EXP","INT_REC","USD","A","2009",899.538,
"MLT","TOUR_REC_EXP","INT_REC","USD","A","2010",1066.266,
"MLT","TOUR_REC_EXP","INT_REC","USD","A","2011",1461.553,
"MLT","TOUR_REC_EXP","INT_REC","USD","A","2012",1471.083,
"MLT","TOUR_REC_EXP","INT_REC","USD","A","2013",1649.523,
"MLT","TOUR_REC_EXP","INT_REC","USD","A","2014",1784.192,
"MLT","TOUR_REC_EXP","INT_REC","USD","A","2015",1677.472,
"MLT","TOUR_REC_EXP","INT_REC","USD","A","2016",2040.576,
"MLT","TOUR_REC_EXP","INT_REC","USD","A","2017",2412.999,
"MLT","TOUR_REC_EXP","INT_REC","USD","A","2018",1848.837,
"MLT","TOUR_REC_EXP","INT_REC","USD","A","2019",1897.01,
"MLT","TOUR_REC_EXP","INT-EXP","USD","A","2008",307.506,
"MLT","TOUR_REC_EXP","INT-EXP","USD","A","2009",290.924,
"MLT","TOUR_REC_EXP","INT-EXP","USD","A","2010",309.522,
"MLT","TOUR_REC_EXP","INT-EXP","USD","A","2011",332.677,
"MLT","TOUR_REC_EXP","INT-EXP","USD","A","2012",340.469,
"MLT","TOUR_REC_EXP","INT-EXP","USD","A","2013",383.826,
"MLT","TOUR_REC_EXP","INT-EXP","USD","A","2014",397.286,
"MLT","TOUR_REC_EXP","INT-EXP","USD","A","2015",368.247,
"MLT","TOUR_REC_EXP","INT-EXP","USD","A","2016",408.115,
"MLT","TOUR_REC_EXP","INT-EXP","USD","A","2017",467.688,
"MLT","TOUR_REC_EXP","INT-EXP","USD","A","2018",517.76,
"MLT","TOUR_REC_EXP","INT-EXP","USD","A","2019",529.6,
"MAR","TOUR_REC_EXP","INT_REC","USD","A","2008",8885.294,
"MAR","TOUR_REC_EXP","INT_REC","USD","A","2009",7980.057,
"MAR","TOUR_REC_EXP","INT_REC","USD","A","2010",8175.286,
"MAR","TOUR_REC_EXP","INT_REC","USD","A","2011",9100.423,
"MAR","TOUR_REC_EXP","INT_REC","USD","A","2012",8491.421,
"MAR","TOUR_REC_EXP","INT_REC","USD","A","2013",8201.688,
"MAR","TOUR_REC_EXP","INT_REC","USD","A","2014",9070.542,
"MAR","TOUR_REC_EXP","INT_REC","USD","A","2015",7764.412,
"MAR","TOUR_REC_EXP","INT_REC","USD","A","2016",7922.677,
"MAR","TOUR_REC_EXP","INT_REC","USD","A","2017",9086.243,
"MAR","TOUR_REC_EXP","INT_REC","USD","A","2018",9519.997,
"MAR","TOUR_REC_EXP","INT_REC","USD","A","2019",10012.69,
"MAR","TOUR_REC_EXP","INT-EXP","USD","A","2008",1910.433,
"MAR","TOUR_REC_EXP","INT-EXP","USD","A","2009",1713.241,
"MAR","TOUR_REC_EXP","INT-EXP","USD","A","2010",1879.045,
"MAR","TOUR_REC_EXP","INT-EXP","USD","A","2011",2259.695,
"MAR","TOUR_REC_EXP","INT-EXP","USD","A","2012",2095.145,
"MAR","TOUR_REC_EXP","INT-EXP","USD","A","2013",2002.181,
"MAR","TOUR_REC_EXP","INT-EXP","USD","A","2014",2273.428,
"MAR","TOUR_REC_EXP","INT-EXP","USD","A","2015",2154.947,
"MAR","TOUR_REC_EXP","INT-EXP","USD","A","2016",2311.444,
"MAR","TOUR_REC_EXP","INT-EXP","USD","A","2017",2829.219,
"MAR","TOUR_REC_EXP","INT-EXP","USD","A","2018",2987.633,
"MAR","TOUR_REC_EXP","INT-EXP","USD","A","2019",3171.994,
"PER","TOUR_REC_EXP","INT_REC","USD","A","2008",2395.848,
"PER","TOUR_REC_EXP","INT_REC","USD","A","2009",2439.517,
"PER","TOUR_REC_EXP","INT_REC","USD","A","2010",2475.1,
"PER","TOUR_REC_EXP","INT_REC","USD","A","2011",2814.011,
"PER","TOUR_REC_EXP","INT_REC","USD","A","2012",3073.378,
"PER","TOUR_REC_EXP","INT_REC","USD","A","2013",3915.833,
"PER","TOUR_REC_EXP","INT_REC","USD","A","2014",3907.709,
"PER","TOUR_REC_EXP","INT_REC","USD","A","2015",4139.968,
"PER","TOUR_REC_EXP","INT_REC","USD","A","2016",4287.711,
"PER","TOUR_REC_EXP","INT_REC","USD","A","2017",4572.759,
"PER","TOUR_REC_EXP","INT_REC","USD","A","2018",4894.705,
"PER","TOUR_REC_EXP","INT_REC","USD","A","2019",4237.581,
"PER","TOUR_REC_EXP","INT-EXP","USD","A","2008",1431.833,
"PER","TOUR_REC_EXP","INT-EXP","USD","A","2009",1403.259,
"PER","TOUR_REC_EXP","INT-EXP","USD","A","2010",1647.486,
"PER","TOUR_REC_EXP","INT-EXP","USD","A","2011",1768.166,
"PER","TOUR_REC_EXP","INT-EXP","USD","A","2012",1899.674,
"PER","TOUR_REC_EXP","INT-EXP","USD","A","2013",2104.779,
"PER","TOUR_REC_EXP","INT-EXP","USD","A","2014",2118.55,
"PER","TOUR_REC_EXP","INT-EXP","USD","A","2015",2539.103,
"PER","TOUR_REC_EXP","INT-EXP","USD","A","2016",2699.919,
"PER","TOUR_REC_EXP","INT-EXP","USD","A","2017",2916.184,
"PER","TOUR_REC_EXP","INT-EXP","USD","A","2018",3417.599,
"PER","TOUR_REC_EXP","INT-EXP","USD","A","2019",2888.791,
"PHL","TOUR_REC_EXP","INT_REC","USD","A","2008",3292.456,
"PHL","TOUR_REC_EXP","INT_REC","USD","A","2009",2916.122,
"PHL","TOUR_REC_EXP","INT_REC","USD","A","2010",3441.519,
"PHL","TOUR_REC_EXP","INT_REC","USD","A","2011",4052.71,
"PHL","TOUR_REC_EXP","INT_REC","USD","A","2012",4962.572,
"PHL","TOUR_REC_EXP","INT_REC","USD","A","2013",5598.213,
"PHL","TOUR_REC_EXP","INT_REC","USD","A","2014",6058.739,
"PHL","TOUR_REC_EXP","INT_REC","USD","A","2015",6414.762,
"PHL","TOUR_REC_EXP","INT_REC","USD","A","2016",6288.95,
"PHL","TOUR_REC_EXP","INT_REC","USD","A","2017",8348.674,
"PHL","TOUR_REC_EXP","INT_REC","USD","A","2018",9729.897,
"PHL","TOUR_REC_EXP","INT_REC","USD","A","2019",9823.652,
"PHL","TOUR_REC_EXP","INT-EXP","USD","A","2008",4284.73,
"PHL","TOUR_REC_EXP","INT-EXP","USD","A","2009",4055.9,
"PHL","TOUR_REC_EXP","INT-EXP","USD","A","2010",5963.949,
"PHL","TOUR_REC_EXP","INT-EXP","USD","A","2011",6055.44,
"PHL","TOUR_REC_EXP","INT-EXP","USD","A","2012",7139.97,
"PHL","TOUR_REC_EXP","INT-EXP","USD","A","2013",8399.452,
"PHL","TOUR_REC_EXP","INT-EXP","USD","A","2014",11129.442,
"PHL","TOUR_REC_EXP","INT-EXP","USD","A","2015",11867.74,
"PHL","TOUR_REC_EXP","INT-EXP","USD","A","2016",11681.165,
"PHL","TOUR_REC_EXP","INT-EXP","USD","A","2017",12441.919,
"PHL","TOUR_REC_EXP","INT-EXP","USD","A","2018",12473.723,
"PHL","TOUR_REC_EXP","INT-EXP","USD","A","2019",12038.897,
"ROU","TOUR_REC_EXP","INT_REC","USD","A","2008",1991.704,
"ROU","TOUR_REC_EXP","INT_REC","USD","A","2009",1230.581,
"ROU","TOUR_REC_EXP","INT_REC","USD","A","2010",1135.413,
"ROU","TOUR_REC_EXP","INT_REC","USD","A","2011",1419.374,
"ROU","TOUR_REC_EXP","INT_REC","USD","A","2012",1465.682,
"ROU","TOUR_REC_EXP","INT_REC","USD","A","2013",2265.325,
"ROU","TOUR_REC_EXP","INT_REC","USD","A","2014",2389.841,
"ROU","TOUR_REC_EXP","INT_REC","USD","A","2015",2228.766,
"ROU","TOUR_REC_EXP","INT_REC","USD","A","2016",2472.208,
"ROU","TOUR_REC_EXP","INT_REC","USD","A","2017",3481.991,
"ROU","TOUR_REC_EXP","INT_REC","USD","A","2018",3834.197,
"ROU","TOUR_REC_EXP","INT_REC","USD","A","2019",4173.832,
"ROU","TOUR_REC_EXP","INT-EXP","USD","A","2008",2173.797,
"ROU","TOUR_REC_EXP","INT-EXP","USD","A","2009",1468.793,
"ROU","TOUR_REC_EXP","INT-EXP","USD","A","2010",1637.152,
"ROU","TOUR_REC_EXP","INT-EXP","USD","A","2011",1964.565,
"ROU","TOUR_REC_EXP","INT-EXP","USD","A","2012",1831.913,
"ROU","TOUR_REC_EXP","INT-EXP","USD","A","2013",2113.286,
"ROU","TOUR_REC_EXP","INT-EXP","USD","A","2014",2749.404,
"ROU","TOUR_REC_EXP","INT-EXP","USD","A","2015",2523.302,
"ROU","TOUR_REC_EXP","INT-EXP","USD","A","2016",2913.264,
"ROU","TOUR_REC_EXP","INT-EXP","USD","A","2017",4926.648,
"ROU","TOUR_REC_EXP","INT-EXP","USD","A","2018",6120.847,
"ROU","TOUR_REC_EXP","INT-EXP","USD","A","2019",7094.492,
"RUS","TOUR_REC_EXP","INT_REC","USD","A","2009",12369.8,
"RUS","TOUR_REC_EXP","INT_REC","USD","A","2010",13239.9,
"RUS","TOUR_REC_EXP","INT_REC","USD","A","2011",16961,
"RUS","TOUR_REC_EXP","INT_REC","USD","A","2012",17875.6,
"RUS","TOUR_REC_EXP","INT_REC","USD","A","2013",20198.8,
"RUS","TOUR_REC_EXP","INT_REC","USD","A","2014",19451.1,
"RUS","TOUR_REC_EXP","INT_REC","USD","A","2015",13185.6,
"RUS","TOUR_REC_EXP","INT_REC","USD","A","2016",12821.8,
"RUS","TOUR_REC_EXP","INT_REC","USD","A","2017",14937.4,
"RUS","TOUR_REC_EXP","INT_REC","USD","A","2018",18735.4,
"RUS","TOUR_REC_EXP","INT_REC","USD","A","2019",17669.9,
"RUS","TOUR_REC_EXP","INT-EXP","USD","A","2009",23785.2,
"RUS","TOUR_REC_EXP","INT-EXP","USD","A","2010",30169,
"RUS","TOUR_REC_EXP","INT-EXP","USD","A","2011",37343.3,
"RUS","TOUR_REC_EXP","INT-EXP","USD","A","2012",48096.1,
"RUS","TOUR_REC_EXP","INT-EXP","USD","A","2013",59503.4,
"RUS","TOUR_REC_EXP","INT-EXP","USD","A","2014",55382,
"RUS","TOUR_REC_EXP","INT-EXP","USD","A","2015",38431.8,
"RUS","TOUR_REC_EXP","INT-EXP","USD","A","2016",27653.9,
"RUS","TOUR_REC_EXP","INT-EXP","USD","A","2017",35583.9,
"RUS","TOUR_REC_EXP","INT-EXP","USD","A","2018",38790.5,
"RUS","TOUR_REC_EXP","INT-EXP","USD","A","2019",40610.5,
"SVN","TOUR_REC_EXP","INT_REC","USD","A","2008",2931.775,
"SVN","TOUR_REC_EXP","INT_REC","USD","A","2009",2719.748,
"SVN","TOUR_REC_EXP","INT_REC","USD","A","2010",2817.7,
"SVN","TOUR_REC_EXP","INT_REC","USD","A","2011",3034.8,
"SVN","TOUR_REC_EXP","INT_REC","USD","A","2012",2804.8,
"SVN","TOUR_REC_EXP","INT_REC","USD","A","2013",2967.4,
"SVN","TOUR_REC_EXP","INT_REC","USD","A","2014",3049.1,
"SVN","TOUR_REC_EXP","INT_REC","USD","A","2015",2592.5,
"SVN","TOUR_REC_EXP","INT_REC","USD","A","2016",2711.4,
"SVN","TOUR_REC_EXP","INT_REC","USD","A","2017",3028.5,
"SVN","TOUR_REC_EXP","INT_REC","USD","A","2018",3387.8,
"SVN","TOUR_REC_EXP","INT-EXP","USD","A","2008",1602.012,
"SVN","TOUR_REC_EXP","INT-EXP","USD","A","2009",1445.091,
"SVN","TOUR_REC_EXP","INT-EXP","USD","A","2010",1653.6,
"SVN","TOUR_REC_EXP","INT-EXP","USD","A","2011",1715.7,
"SVN","TOUR_REC_EXP","INT-EXP","USD","A","2012",1517.4,
"SVN","TOUR_REC_EXP","INT-EXP","USD","A","2013",1560.3,
"SVN","TOUR_REC_EXP","INT-EXP","USD","A","2014",1642.6,
"SVN","TOUR_REC_EXP","INT-EXP","USD","A","2015",1369.6,
"SVN","TOUR_REC_EXP","INT-EXP","USD","A","2016",1479.2,
"SVN","TOUR_REC_EXP","INT-EXP","USD","A","2017",1625.5,
"SVN","TOUR_REC_EXP","INT-EXP","USD","A","2018",1761.2,
"ZAF","TOUR_REC_EXP","INT_REC","USD","A","2008",9178.89,
"ZAF","TOUR_REC_EXP","INT_REC","USD","A","2009",8683.92,
"ZAF","TOUR_REC_EXP","INT_REC","USD","A","2010",10308.6,
"ZAF","TOUR_REC_EXP","INT_REC","USD","A","2011",10706.33,
"ZAF","TOUR_REC_EXP","INT_REC","USD","A","2012",11201.69,
"ZAF","TOUR_REC_EXP","INT_REC","USD","A","2013",10467.55,
"ZAF","TOUR_REC_EXP","INT_REC","USD","A","2014",10484.152,
"ZAF","TOUR_REC_EXP","INT_REC","USD","A","2015",9139.363,
"ZAF","TOUR_REC_EXP","INT_REC","USD","A","2016",8807.601,
"ZAF","TOUR_REC_EXP","INT_REC","USD","A","2017",9706.288,
"ZAF","TOUR_REC_EXP","INT_REC","USD","A","2018",9789.507,
"ZAF","TOUR_REC_EXP","INT_REC","USD","A","2019",9063.867,
"ZAF","TOUR_REC_EXP","INT-EXP","USD","A","2008",6905.38,
"ZAF","TOUR_REC_EXP","INT-EXP","USD","A","2009",6420.83,
"ZAF","TOUR_REC_EXP","INT-EXP","USD","A","2010",8138.55,
"ZAF","TOUR_REC_EXP","INT-EXP","USD","A","2011",8397.41,
"ZAF","TOUR_REC_EXP","INT-EXP","USD","A","2012",7144.71,
"ZAF","TOUR_REC_EXP","INT-EXP","USD","A","2013",6490.32,
"ZAF","TOUR_REC_EXP","INT-EXP","USD","A","2014",6313.212,
"ZAF","TOUR_REC_EXP","INT-EXP","USD","A","2015",5734.731,
"ZAF","TOUR_REC_EXP","INT-EXP","USD","A","2016",5354.391,
"ZAF","TOUR_REC_EXP","INT-EXP","USD","A","2017",6067.963,
"ZAF","TOUR_REC_EXP","INT-EXP","USD","A","2018",6347.762,
"ZAF","TOUR_REC_EXP","INT-EXP","USD","A","2019",5866.453,
"CHN","TOUR_REC_EXP","INT_REC","USD","A","2008",40843,
"CHN","TOUR_REC_EXP","INT_REC","USD","A","2009",39675,
"CHN","TOUR_REC_EXP","INT_REC","USD","A","2010",45814,
"CHN","TOUR_REC_EXP","INT_REC","USD","A","2011",48464,
"CHN","TOUR_REC_EXP","INT_REC","USD","A","2012",50028,
"CHN","TOUR_REC_EXP","INT_REC","USD","A","2013",51664,
"CHN","TOUR_REC_EXP","INT_REC","USD","A","2014",44043.681,
"CHN","TOUR_REC_EXP","INT_REC","USD","A","2015",44968.719,
"CHN","TOUR_REC_EXP","INT_REC","USD","A","2016",44425.974,
"CHN","TOUR_REC_EXP","INT_REC","USD","A","2017",38799.277,
"CHN","TOUR_REC_EXP","INT_REC","USD","A","2018",39467.77,
"CHN","TOUR_REC_EXP","INT_REC","USD","A","2019",34458.292,
"CHN","TOUR_REC_EXP","INT-EXP","USD","A","2008",36157,
"CHN","TOUR_REC_EXP","INT-EXP","USD","A","2009",43701.7,
"CHN","TOUR_REC_EXP","INT-EXP","USD","A","2010",54880,
"CHN","TOUR_REC_EXP","INT-EXP","USD","A","2011",72585.1,
"CHN","TOUR_REC_EXP","INT-EXP","USD","A","2012",101977,
"CHN","TOUR_REC_EXP","INT-EXP","USD","A","2013",128576,
"CHN","TOUR_REC_EXP","INT-EXP","USD","A","2014",227343.733,
"CHN","TOUR_REC_EXP","INT-EXP","USD","A","2015",249830.544,
"CHN","TOUR_REC_EXP","INT-EXP","USD","A","2016",261129.14,
"CHN","TOUR_REC_EXP","INT-EXP","USD","A","2017",254788.887,
"CHN","TOUR_REC_EXP","INT-EXP","USD","A","2018",276899.97,
"CHN","TOUR_REC_EXP","INT-EXP","USD","A","2019",250739.779,
"KAZ","TOUR_REC_EXP","INT_REC","USD","A","2008",1254.222,
"KAZ","TOUR_REC_EXP","INT_REC","USD","A","2009",1184.781,
"KAZ","TOUR_REC_EXP","INT_REC","USD","A","2010",1235.482,
"KAZ","TOUR_REC_EXP","INT_REC","USD","A","2011",1523.682,
"KAZ","TOUR_REC_EXP","INT_REC","USD","A","2012",2154.429,
"KAZ","TOUR_REC_EXP","INT_REC","USD","A","2013",2365.365,
"KAZ","TOUR_REC_EXP","INT_REC","USD","A","2014",2239.708,
"KAZ","TOUR_REC_EXP","INT_REC","USD","A","2015",1833.334,
"KAZ","TOUR_REC_EXP","INT_REC","USD","A","2016",2038.191,
"KAZ","TOUR_REC_EXP","INT_REC","USD","A","2017",2355.968,
"KAZ","TOUR_REC_EXP","INT_REC","USD","A","2018",2650.685,
"KAZ","TOUR_REC_EXP","INT_REC","USD","A","2019",2922.729,
"KAZ","TOUR_REC_EXP","INT-EXP","USD","A","2008",1361.035,
"KAZ","TOUR_REC_EXP","INT-EXP","USD","A","2009",1319.462,
"KAZ","TOUR_REC_EXP","INT-EXP","USD","A","2010",1488.549,
"KAZ","TOUR_REC_EXP","INT-EXP","USD","A","2011",1830.507,
"KAZ","TOUR_REC_EXP","INT-EXP","USD","A","2012",3609.205,
"KAZ","TOUR_REC_EXP","INT-EXP","USD","A","2013",3772.142,
"KAZ","TOUR_REC_EXP","INT-EXP","USD","A","2014",3771.043,
"KAZ","TOUR_REC_EXP","INT-EXP","USD","A","2015",3046.157,
"KAZ","TOUR_REC_EXP","INT-EXP","USD","A","2016",2579.918,
"KAZ","TOUR_REC_EXP","INT-EXP","USD","A","2017",2694.666,
"KAZ","TOUR_REC_EXP","INT-EXP","USD","A","2018",2852.235,
"KAZ","TOUR_REC_EXP","INT-EXP","USD","A","2019",2955.29,
"SRB","TOUR_REC_EXP","INT_REC","USD","A","2008",1113.474,
"SRB","TOUR_REC_EXP","INT_REC","USD","A","2009",986.527,
"SRB","TOUR_REC_EXP","INT_REC","USD","A","2010",949.958,
"SRB","TOUR_REC_EXP","INT_REC","USD","A","2011",1149.423,
"SRB","TOUR_REC_EXP","INT_REC","USD","A","2012",1079.057,
"SRB","TOUR_REC_EXP","INT_REC","USD","A","2013",1221.487,
"SRB","TOUR_REC_EXP","INT_REC","USD","A","2014",1352.74,
"SRB","TOUR_REC_EXP","INT_REC","USD","A","2015",1321.638,
"SRB","TOUR_REC_EXP","INT_REC","USD","A","2016",1460.953,
"SRB","TOUR_REC_EXP","INT_REC","USD","A","2017",1706.146,
"SRB","TOUR_REC_EXP","INT_REC","USD","A","2018",1941.074,
"SRB","TOUR_REC_EXP","INT_REC","USD","A","2019",2000.579,
"SRB","TOUR_REC_EXP","INT-EXP","USD","A","2008",1448.21,
"SRB","TOUR_REC_EXP","INT-EXP","USD","A","2009",1105.117,
"SRB","TOUR_REC_EXP","INT-EXP","USD","A","2010",1102.353,
"SRB","TOUR_REC_EXP","INT-EXP","USD","A","2011",1263.55,
"SRB","TOUR_REC_EXP","INT-EXP","USD","A","2012",1187.555,
"SRB","TOUR_REC_EXP","INT-EXP","USD","A","2013",1289.398,
"SRB","TOUR_REC_EXP","INT-EXP","USD","A","2014",1359.859,
"SRB","TOUR_REC_EXP","INT-EXP","USD","A","2015",1253.644,
"SRB","TOUR_REC_EXP","INT-EXP","USD","A","2016",1351.098,
"SRB","TOUR_REC_EXP","INT-EXP","USD","A","2017",1549.183,
"SRB","TOUR_REC_EXP","INT-EXP","USD","A","2018",1837.317,
"SRB","TOUR_REC_EXP","INT-EXP","USD","A","2019",1999.313,
